"Country/Area","Year","Unit","GDP, Per Capita GDP - US Dollars"
"Afghanistan","2015","US$","543.7689395729147"
"Afghanistan","2016","US$","509.2711721883314"
"Afghanistan","2017","US$","520.6164092963799"
"Afghanistan","2018","US$","495.50434318264615"
"Afghanistan","2019","US$","496.94055282282517"
"Afghanistan","2020","US$","508.4537219370937"
"Africa","2015","US$","1997.2873254017939"
"Africa","2016","US$","1825.8757432934076"
"Africa","2017","US$","1849.5460045009931"
"Africa","2018","US$","1904.725671368414"
"Africa","2019","US$","1929.852170730181"
"Africa","2020","US$","1803.5152185473876"
"Albania","2015","US$","3939.413125883281"
"Albania","2016","US$","4109.340457395956"
"Albania","2017","US$","4514.204908132589"
"Albania","2018","US$","5257.650696162246"
"Albania","2019","US$","5345.602513067614"
"Albania","2020","US$","5180.914197603914"
"Algeria","2015","US$","4177.884976425076"
"Algeria","2016","US$","3946.454210492217"
"Algeria","2017","US$","4109.696001466267"
"Algeria","2018","US$","4153.961485143038"
"Algeria","2019","US$","3975.5190023289188"
"Algeria","2020","US$","3367.963002897193"
"Americas","2015","US$","25804.105817696516"
"Americas","2016","US$","25815.076491697113"
"Americas","2017","US$","27019.958329560082"
"Americas","2018","US$","27737.925828623556"
"Americas","2019","US$","28250.889409456202"
"Americas","2020","US$","26574.76741987414"
"Andorra","2015","US$","35748.26304934233"
"Andorra","2016","US$","37448.36389047706"
"Andorra","2017","US$","38962.61379926704"
"Andorra","2018","US$","41794.39857202424"
"Andorra","2019","US$","40900.538590152755"
"Andorra","2020","US$","37072.405384370075"
"Angola","2015","US$","4166.979626088384"
"Angola","2016","US$","3506.07154638169"
"Angola","2017","US$","4095.811686205813"
"Angola","2018","US$","3289.6433737835932"
"Angola","2019","US$","2809.626403162578"
"Angola","2020","US$","1895.77070283724"
"Anguilla","2015","US$","23148.212993440247"
"Anguilla","2016","US$","22091.056334593653"
"Anguilla","2017","US$","19271.4999695252"
"Anguilla","2018","US$","21889.590357447254"
"Anguilla","2019","US$","25336.581453334427"
"Anguilla","2020","US$","17225.937528543673"
"Antigua and Barbuda","2015","US$","14286.093159829345"
"Antigua and Barbuda","2016","US$","15197.617455173497"
"Antigua and Barbuda","2017","US$","15383.415188499755"
"Antigua and Barbuda","2018","US$","16678.89874378876"
"Antigua and Barbuda","2019","US$","17376.112907322364"
"Antigua and Barbuda","2020","US$","13993.320179434608"
"Argentina","2015","US$","14971.49094273624"
"Argentina","2016","US$","12814.342713253709"
"Argentina","2017","US$","14648.84596928547"
"Argentina","2018","US$","11668.472389633638"
"Argentina","2019","US$","9947.26485613702"
"Argentina","2020","US$","8475.72958198985"
"Armenia","2015","US$","3607.2966470867336"
"Armenia","2016","US$","3591.8333134303202"
"Armenia","2017","US$","3914.525245634964"
"Armenia","2018","US$","4220.534194284667"
"Armenia","2019","US$","4604.641377398127"
"Armenia","2020","US$","4266.005478647835"
"Aruba","2015","US$","28396.364113176613"
"Aruba","2016","US$","28450.271488179686"
"Aruba","2017","US$","29349.412216443307"
"Aruba","2018","US$","30253.57781788538"
"Aruba","2019","US$","31136.110954342796"
"Aruba","2020","US$","23385.63867077555"
"Asia","2015","US$","6047.7944351985525"
"Asia","2016","US$","6227.7757226342055"
"Asia","2017","US$","6614.302782266574"
"Asia","2018","US$","7078.890007545234"
"Asia","2019","US$","7208.631482438486"
"Asia","2020","US$","7130.531780447298"
"Australia","2015","US$","52131.38180416212"
"Australia","2016","US$","53996.626042606666"
"Australia","2017","US$","57628.863848658744"
"Australia","2018","US$","58596.82634053397"
"Australia","2019","US$","54763.20238799583"
"Australia","2020","US$","55822.712845306814"
"Australia and New Zealand","2015","US$","49942.10153071574"
"Australia and New Zealand","2016","US$","51827.12541301865"
"Australia and New Zealand","2017","US$","55431.647382837655"
"Australia and New Zealand","2018","US$","56370.90000388079"
"Australia and New Zealand","2019","US$","53145.75245832469"
"Australia and New Zealand","2020","US$","53938.07303257604"
"Austria","2015","US$","43994.99068906649"
"Austria","2016","US$","45221.7940529356"
"Austria","2017","US$","47309.051637311706"
"Austria","2018","US$","51192.0244554552"
"Austria","2019","US$","49693.668782831264"
"Austria","2020","US$","48105.631982565596"
"Azerbaijan","2015","US$","5515.70729085138"
"Azerbaijan","2016","US$","3889.363165588359"
"Azerbaijan","2017","US$","4150.868844064128"
"Azerbaijan","2018","US$","4735.142880459527"
"Azerbaijan","2019","US$","4794.544919962686"
"Azerbaijan","2020","US$","4202.232239420245"
"Bahamas","2015","US$","31775.633143241957"
"Bahamas","2016","US$","31732.293633741698"
"Bahamas","2017","US$","32376.129779570667"
"Bahamas","2018","US$","33289.983590786156"
"Bahamas","2019","US$","33799.83964085632"
"Bahamas","2020","US$","25194.28919703797"
"Bahrain","2015","US$","22634.11864544498"
"Bahrain","2016","US$","22608.46892463978"
"Bahrain","2017","US$","23742.959100944077"
"Bahrain","2018","US$","23991.920463477814"
"Bahrain","2019","US$","23442.8308540508"
"Bahrain","2020","US$","19925.001598956664"
"Bangladesh","2015","US$","1244.5322904321335"
"Bangladesh","2016","US$","1394.6056620880036"
"Bangladesh","2017","US$","1538.233626904742"
"Bangladesh","2018","US$","1670.7963551243486"
"Bangladesh","2019","US$","1846.416376560561"
"Bangladesh","2020","US$","2000.6401571941901"
"Barbados","2015","US$","16525.09077399728"
"Barbados","2016","US$","16897.787232851406"
"Barbados","2017","US$","17419.313703569132"
"Barbados","2018","US$","17872.181579048356"
"Barbados","2019","US$","18458.1482449264"
"Barbados","2020","US$","15449.23700217486"
"Belarus","2015","US$","5980.744507346296"
"Belarus","2016","US$","5052.440508188184"
"Belarus","2017","US$","5790.908054412693"
"Belarus","2018","US$","6350.7318550875425"
"Belarus","2019","US$","6814.15243926858"
"Belarus","2020","US$","6377.055431709857"
"Belgium","2015","US$","40941.89722339256"
"Belgium","2016","US$","41899.065629486926"
"Belgium","2017","US$","44025.90324728302"
"Belgium","2018","US$","47314.524698397094"
"Belgium","2019","US$","46388.205209176755"
"Belgium","2020","US$","45028.3234050509"
"Belize","2015","US$","4805.103659127872"
"Belize","2016","US$","4877.657265200869"
"Belize","2017","US$","4909.683056611908"
"Belize","2018","US$","4927.194223786191"
"Belize","2019","US$","4983.310581704252"
"Belize","2020","US$","3987.7263937650264"
"Benin","2015","US$","1075.983007790205"
"Benin","2016","US$","1087.2882039155447"
"Benin","2017","US$","1136.593360222565"
"Benin","2018","US$","1241.8244178907205"
"Benin","2019","US$","1219.515478542216"
"Benin","2020","US$","1254.2125894760816"
"Bermuda","2015","US$","104480.04458958739"
"Bermuda","2016","US$","108896.68886714434"
"Bermuda","2017","US$","113281.98702596393"
"Bermuda","2018","US$","115117.7257951431"
"Bermuda","2019","US$","119734.31350590344"
"Bermuda","2020","US$","123944.90690131347"
"Bhutan","2015","US$","2752.6615215667107"
"Bhutan","2016","US$","2930.5736395515396"
"Bhutan","2017","US$","3286.598605740431"
"Bhutan","2018","US$","3243.513334764187"
"Bhutan","2019","US$","3316.1912361489253"
"Bhutan","2020","US$","3217.962934532781"
"Bolivia (Plurinational State of)","2015","US$","3035.972213494818"
"Bolivia (Plurinational State of)","2016","US$","3076.658671003699"
"Bolivia (Plurinational State of)","2017","US$","3351.127399400543"
"Bolivia (Plurinational State of)","2018","US$","3548.590155089706"
"Bolivia (Plurinational State of)","2019","US$","3552.0687602686935"
"Bolivia (Plurinational State of)","2020","US$","3133.1019504554583"
"Bosnia and Herzegovina","2015","US$","4727.300032787486"
"Bosnia and Herzegovina","2016","US$","4994.574456252204"
"Bosnia and Herzegovina","2017","US$","5394.741460867496"
"Bosnia and Herzegovina","2018","US$","6072.245369873832"
"Bosnia and Herzegovina","2019","US$","6120.156350877912"
"Bosnia and Herzegovina","2020","US$","6035.475568574754"
"Botswana","2015","US$","6799.8596661295305"
"Botswana","2016","US$","7243.955982196994"
"Botswana","2017","US$","7893.36291956601"
"Botswana","2018","US$","8279.821654649959"
"Botswana","2019","US$","7970.842173213431"
"Botswana","2020","US$","6710.960147003652"
"Brazil","2015","US$","8813.989375499516"
"Brazil","2016","US$","8710.063416766865"
"Brazil","2017","US$","9928.67599207693"
"Brazil","2018","US$","9151.381600656447"
"Brazil","2019","US$","8936.36010137898"
"Brazil","2020","US$","6796.844058079729"
"British Virgin Islands","2015","US$","43878.293084522506"
"British Virgin Islands","2016","US$","47795.264861182084"
"British Virgin Islands","2017","US$","44181.96571660412"
"British Virgin Islands","2018","US$","46368.36453929266"
"British Virgin Islands","2019","US$","47913.51618381618"
"British Virgin Islands","2020","US$","49357.193079951045"
"Brunei Darussalam","2015","US$","31164.32914878042"
"Brunei Darussalam","2016","US$","27156.42419627726"
"Brunei Darussalam","2017","US$","28572.29224407829"
"Brunei Darussalam","2018","US$","31627.233053326287"
"Brunei Darussalam","2019","US$","31086.329196002975"
"Brunei Darussalam","2020","US$","27436.74151451828"
"Bulgaria","2015","US$","7053.312364595381"
"Bulgaria","2016","US$","7543.761991562812"
"Bulgaria","2017","US$","8335.277985685547"
"Bulgaria","2018","US$","9410.869004508464"
"Bulgaria","2019","US$","9844.654669946956"
"Bulgaria","2020","US$","10058.077407168154"
"Burkina Faso","2015","US$","652.8326704903302"
"Burkina Faso","2016","US$","688.2504203889188"
"Burkina Faso","2017","US$","734.9962817812306"
"Burkina Faso","2018","US$","813.0997503426291"
"Burkina Faso","2019","US$","786.8956135895545"
"Burkina Faso","2020","US$","830.9253368674027"
"Burundi","2015","US$","276.6263130676629"
"Burundi","2016","US$","279.37531893495026"
"Burundi","2017","US$","304.5923210824043"
"Burundi","2018","US$","296.8419110286871"
"Burundi","2019","US$","292.13914231367784"
"Burundi","2020","US$","285.8757818320359"
"Cabo Verde","2015","US$","3041.78040741969"
"Cabo Verde","2016","US$","3130.986829468366"
"Cabo Verde","2017","US$","3292.6383571309393"
"Cabo Verde","2018","US$","3616.4415307550585"
"Cabo Verde","2019","US$","3603.782576484741"
"Cabo Verde","2020","US$","3064.2765459185825"
"Cambodia","2015","US$","1162.9048952507897"
"Cambodia","2016","US$","1269.5918755505654"
"Cambodia","2017","US$","1385.2604194290404"
"Cambodia","2018","US$","1512.127267954933"
"Cambodia","2019","US$","1643.641451311631"
"Cambodia","2020","US$","1512.7282884995323"
"Cameroon","2015","US$","1326.4986245479924"
"Cameroon","2016","US$","1364.3293914819048"
"Cameroon","2017","US$","1425.1060720357204"
"Cameroon","2018","US$","1534.4919912651364"
"Cameroon","2019","US$","1507.4501720020098"
"Cameroon","2020","US$","1502.3280624659778"
"Canada","2015","US$","43193.79180630552"
"Canada","2016","US$","42004.42721075335"
"Canada","2017","US$","44906.74891992518"
"Canada","2018","US$","46444.39664172762"
"Canada","2019","US$","46550.33550736509"
"Canada","2020","US$","43559.710091831425"
"Caribbean","2015","US$","8469.247657518237"
"Caribbean","2016","US$","8588.947273035239"
"Caribbean","2017","US$","8868.199540787888"
"Caribbean","2018","US$","9068.57292594199"
"Caribbean","2019","US$","9284.382855425458"
"Caribbean","2020","US$","8821.866575337739"
"Cayman Islands","2015","US$","77517.7303843546"
"Cayman Islands","2016","US$","79738.03360114824"
"Cayman Islands","2017","US$","82835.26676420405"
"Cayman Islands","2018","US$","86053.9609453604"
"Cayman Islands","2019","US$","91389.3524392229"
"Cayman Islands","2020","US$","95190.93250591682"
"Central African Republic","2015","US$","377.1375100697305"
"Central African Republic","2016","US$","402.1915251950647"
"Central African Republic","2017","US$","450.9006970053718"
"Central African Republic","2018","US$","475.95444388665464"
"Central African Republic","2019","US$","467.6731355802282"
"Central African Republic","2020","US$","481.016461953413"
"Central America","2015","US$","8307.22426313238"
"Central America","2016","US$","7725.833138434606"
"Central America","2017","US$","8175.487093215216"
"Central America","2018","US$","8478.97323294299"
"Central America","2019","US$","8689.681777791844"
"Central America","2020","US$","7392.29921946349"
"Central Asia","2015","US$","4632.549416490417"
"Central Asia","2016","US$","3861.3602603313616"
"Central Asia","2017","US$","3952.2072116515396"
"Central Asia","2018","US$","3942.4635236496374"
"Central Asia","2019","US$","4098.040879307472"
"Central Asia","2020","US$","3865.6374906066108"
"Chad","2015","US$","828.465788985983"
"Chad","2016","US$","713.6863557370025"
"Chad","2017","US$","692.1616295296316"
"Chad","2018","US$","734.7318309383086"
"Chad","2019","US$","706.8258328439721"
"Chad","2020","US$","679.0672838447488"
"Chile","2015","US$","13574.171830724532"
"Chile","2016","US$","13753.594437460926"
"Chile","2017","US$","14998.813979247212"
"Chile","2018","US$","15888.149121530105"
"Chile","2019","US$","14741.71159728615"
"Chile","2020","US$","13231.709642446001"
"China (mainland)","2015","US$","7862.6622920105065"
"China (mainland)","2016","US$","7944.074310777293"
"China (mainland)","2017","US$","8663.126783686492"
"China (mainland)","2018","US$","9732.726566603551"
"China (mainland)","2019","US$","9959.637354625529"
"China (mainland)","2020","US$","10228.970558083261"
"China, Hong Kong SAR","2015","US$","43053.96532385324"
"China, Hong Kong SAR","2016","US$","44293.20696731614"
"China, Hong Kong SAR","2017","US$","46705.02781283784"
"China, Hong Kong SAR","2018","US$","49064.673097460814"
"China, Hong Kong SAR","2019","US$","49179.751066751895"
"China, Hong Kong SAR","2020","US$","46611.39103999458"
"China, Macao Special Administrative Region","2015","US$","74840.69744368864"
"China, Macao Special Administrative Region","2016","US$","73568.32208159853"
"China, Macao Special Administrative Region","2017","US$","81043.96865556104"
"China, Macao Special Administrative Region","2018","US$","87554.21756901008"
"China, Macao Special Administrative Region","2019","US$","86118.10645897775"
"China, Macao Special Administrative Region","2020","US$","37473.75326215613"
"Colombia","2015","US$","6175.876131512906"
"Colombia","2016","US$","5870.7775212832985"
"Colombia","2017","US$","6376.707362337566"
"Colombia","2018","US$","6729.584484417564"
"Colombia","2019","US$","6424.9794313127795"
"Colombia","2020","US$","5332.772790492891"
"Comoros","2015","US$","1242.103007795023"
"Comoros","2016","US$","1272.1940754429606"
"Comoros","2017","US$","1323.8117048972445"
"Comoros","2018","US$","1428.2903130764028"
"Comoros","2019","US$","1401.5505148440031"
"Comoros","2020","US$","1420.6519050235333"
"Congo","2015","US$","2419.765859843668"
"Congo","2016","US$","2038.1696438778094"
"Congo","2017","US$","2154.6290475685914"
"Congo","2018","US$","2547.51915135037"
"Congo","2019","US$","2327.8548060288485"
"Congo","2020","US$","1830.3824909765372"
"Cook Islands","2015","US$","17182.614766016246"
"Cook Islands","2016","US$","17681.950082109815"
"Cook Islands","2017","US$","19741.18896768383"
"Cook Islands","2018","US$","20705.21124536254"
"Cook Islands","2019","US$","20332.551756112163"
"Cook Islands","2020","US$","16134.97794832918"
"Costa Rica","2015","US$","11642.781107445118"
"Costa Rica","2016","US$","12011.20141263832"
"Costa Rica","2017","US$","12225.577171726529"
"Costa Rica","2018","US$","12468.580253191312"
"Costa Rica","2019","US$","12669.706175303392"
"Costa Rica","2020","US$","12076.805960805757"
"Croatia","2015","US$","11850.858509343861"
"Croatia","2016","US$","12425.777830427212"
"Croatia","2017","US$","13439.24317834489"
"Croatia","2018","US$","14976.374622532512"
"Croatia","2019","US$","15070.610876589872"
"Croatia","2020","US$","13934.241955392894"
"Cuba","2015","US$","7700.428943643796"
"Cuba","2016","US$","8060.799442157743"
"Cuba","2017","US$","8541.21443968007"
"Cuba","2018","US$","8824.20334774664"
"Cuba","2019","US$","9125.879484709158"
"Cuba","2020","US$","9477.852873267708"
"Curaçao","2015","US$","19718.297839487783"
"Curaçao","2016","US$","19386.831301372247"
"Curaçao","2017","US$","19238.808167459338"
"Curaçao","2018","US$","19218.863309457225"
"Curaçao","2019","US$","18980.123691001398"
"Curaçao","2020","US$","15819.210502206357"
"Cyprus","2015","US$","23398.07746704421"
"Cyprus","2016","US$","24587.45597456313"
"Cyprus","2017","US$","26755.592899876272"
"Cyprus","2018","US$","29618.250138483734"
"Cyprus","2019","US$","29659.349245691934"
"Cyprus","2020","US$","28133.071158911906"
"Czechia","2015","US$","17736.629470614214"
"Czechia","2016","US$","18483.351699372004"
"Czechia","2017","US$","20545.83614258493"
"Czechia","2018","US$","23341.23781848419"
"Czechia","2019","US$","23621.76960401493"
"Czechia","2020","US$","22910.62893736197"
"Côte d'Ivoire","2015","US$","1971.0536736894271"
"Côte d'Ivoire","2016","US$","2013.3824106221705"
"Côte d'Ivoire","2017","US$","2111.026808909693"
"Côte d'Ivoire","2018","US$","2314.0316595985846"
"Côte d'Ivoire","2019","US$","2276.340329184163"
"Côte d'Ivoire","2020","US$","2317.9257186617842"
"Democratic People's Republic of Korea","2015","US$","649.8556560020588"
"Democratic People's Republic of Korea","2016","US$","666.676072768346"
"Democratic People's Republic of Korea","2017","US$","686.3402580167574"
"Democratic People's Republic of Korea","2018","US$","687.9431784322364"
"Democratic People's Republic of Korea","2019","US$","639.5563899101868"
"Democratic People's Republic of Korea","2020","US$","617.8872354684589"
"Democratic Republic of the Congo","2015","US$","497.31661373338255"
"Democratic Republic of the Congo","2016","US$","511.96800803370314"
"Democratic Republic of the Congo","2017","US$","462.4451606747359"
"Democratic Republic of the Congo","2018","US$","560.8073616140049"
"Democratic Republic of the Congo","2019","US$","545.2162822280544"
"Democratic Republic of the Congo","2020","US$","505.883923589688"
"Denmark","2015","US$","53206.06410553866"
"Denmark","2016","US$","54823.4627781175"
"Denmark","2017","US$","57938.79772781118"
"Denmark","2018","US$","62036.40469803125"
"Denmark","2019","US$","60216.35759517001"
"Denmark","2020","US$","61476.5969290503"
"Djibouti","2015","US$","2675.605374662515"
"Djibouti","2016","US$","2818.3768555531037"
"Djibouti","2017","US$","2930.6969631339925"
"Djibouti","2018","US$","3048.589503894133"
"Djibouti","2019","US$","3252.3204085454486"
"Djibouti","2020","US$","3465.0387134928164"
"Dominica","2015","US$","7596.435062262577"
"Dominica","2016","US$","8080.968623411862"
"Dominica","2017","US$","7286.797839290211"
"Dominica","2018","US$","7745.485101157004"
"Dominica","2019","US$","8516.280038951607"
"Dominica","2020","US$","7037.685311238502"
"Dominican Republic","2015","US$","6920.565046671562"
"Dominican Republic","2016","US$","7278.735766582901"
"Dominican Republic","2017","US$","7609.365034001215"
"Dominican Republic","2018","US$","8050.649783132723"
"Dominican Republic","2019","US$","8282.12308689232"
"Dominican Republic","2020","US$","7268.188603368776"
"Eastern Africa","2015","US$","836.1122745740856"
"Eastern Africa","2016","US$","844.7192604942384"
"Eastern Africa","2017","US$","893.7777178473611"
"Eastern Africa","2018","US$","946.2760138266506"
"Eastern Africa","2019","US$","1001.7842746279615"
"Eastern Africa","2020","US$","971.8153787389439"
"Eastern Asia","2015","US$","10874.56529308834"
"Eastern Asia","2016","US$","11300.462302898919"
"Eastern Asia","2017","US$","11976.374157199696"
"Eastern Asia","2018","US$","13030.547531167855"
"Eastern Asia","2019","US$","13239.812437318305"
"Eastern Asia","2020","US$","13402.985035639571"
"Eastern Europe","2015","US$","8923.115015509307"
"Eastern Europe","2016","US$","8683.624259633327"
"Eastern Europe","2017","US$","10220.311554263653"
"Eastern Europe","2018","US$","11130.713738784707"
"Eastern Europe","2019","US$","11433.655303089605"
"Eastern Europe","2020","US$","10691.68522178032"
"Ecuador","2015","US$","6124.491642620722"
"Ecuador","2016","US$","6060.092961567913"
"Ecuador","2017","US$","6213.501276499207"
"Ecuador","2018","US$","6295.935030160337"
"Ecuador","2019","US$","6222.52286248"
"Ecuador","2020","US$","5600.391519518106"
"Egypt","2015","US$","3437.2112297361946"
"Egypt","2016","US$","2861.4283759866858"
"Egypt","2017","US$","2023.3311578356174"
"Egypt","2018","US$","2537.5122092457564"
"Egypt","2019","US$","3161.324684333753"
"Egypt","2020","US$","3608.842255912799"
"El Salvador","2015","US$","3705.5776202964557"
"El Salvador","2016","US$","3805.9920930035714"
"El Salvador","2017","US$","3910.2531791013516"
"El Salvador","2018","US$","4052.621570141538"
"El Salvador","2019","US$","4167.729158651056"
"El Salvador","2020","US$","3798.63470103088"
"Equatorial Guinea","2015","US$","11274.928503877707"
"Equatorial Guinea","2016","US$","9250.329048688578"
"Equatorial Guinea","2017","US$","9667.899671378653"
"Equatorial Guinea","2018","US$","10005.547947230523"
"Equatorial Guinea","2019","US$","8419.908202003486"
"Equatorial Guinea","2020","US$","7143.238101779871"
"Eritrea","2015","US$","602.2453953423368"
"Eritrea","2016","US$","643.7661290231324"
"Eritrea","2017","US$","557.874750982274"
"Eritrea","2018","US$","580.881170971124"
"Eritrea","2019","US$","566.7116793898714"
"Eritrea","2020","US$","587.6141957524951"
"Estonia","2015","US$","17396.125057953184"
"Estonia","2016","US$","18272.9244524523"
"Estonia","2017","US$","20406.69180686979"
"Estonia","2018","US$","23047.123714855356"
"Estonia","2019","US$","23419.18198005062"
"Estonia","2020","US$","23105.5233911819"
"Ethiopia","2015","US$","625.5602841223391"
"Ethiopia","2016","US$","696.4791709936235"
"Ethiopia","2017","US$","721.7534940288103"
"Ethiopia","2018","US$","734.3627951646496"
"Ethiopia","2019","US$","825.8650149419682"
"Ethiopia","2020","US$","840.3619300619628"
"Europe","2015","US$","25793.13721094111"
"Europe","2016","US$","25742.559333107143"
"Europe","2017","US$","27349.08644118727"
"Europe","2018","US$","29458.689937360337"
"Europe","2019","US$","29042.702408906374"
"Europe","2020","US$","28031.30141438413"
"Fiji","2015","US$","5390.624994725873"
"Fiji","2016","US$","5651.3644915067935"
"Fiji","2017","US$","6101.130428374432"
"Fiji","2018","US$","6317.494795827532"
"Fiji","2019","US$","6175.8929169171715"
"Fiji","2020","US$","5013.230983352223"
"Finland","2015","US$","42772.27928848748"
"Finland","2016","US$","43765.090504066575"
"Finland","2017","US$","46385.55087590203"
"Finland","2018","US$","49925.08704179023"
"Finland","2019","US$","48585.48301609566"
"Finland","2020","US$","48685.24539310332"
"France","2015","US$","36611.75391238752"
"France","2016","US$","36979.70225669699"
"France","2017","US$","38720.64592241618"
"France","2018","US$","41537.64279784955"
"France","2019","US$","40516.99661486413"
"France","2020","US$","38958.60341858012"
"French Polynesia","2015","US$","19491.897196839138"
"French Polynesia","2016","US$","20006.573431151184"
"French Polynesia","2017","US$","21127.52781382473"
"French Polynesia","2018","US$","22679.087456792626"
"French Polynesia","2019","US$","22078.072132424815"
"French Polynesia","2020","US$","20707.452773743946"
"Gabon","2015","US$","7379.161927876344"
"Gabon","2016","US$","6984.42048898352"
"Gabon","2017","US$","7230.472773782754"
"Gabon","2018","US$","7959.010661860401"
"Gabon","2019","US$","7766.992804494733"
"Gabon","2020","US$","6789.39263219054"
"Gambia","2015","US$","660.7234454664159"
"Gambia","2016","US$","682.7184503753541"
"Gambia","2017","US$","679.7784727521755"
"Gambia","2018","US$","732.7269996962457"
"Gambia","2019","US$","769.1988715567427"
"Gambia","2020","US$","757.4124410968548"
"Georgia","2015","US$","3715.9532736633478"
"Georgia","2016","US$","3770.8348062033297"
"Georgia","2017","US$","4051.842803943607"
"Georgia","2018","US$","4396.662602257259"
"Georgia","2019","US$","4372.780603720276"
"Georgia","2020","US$","3983.689756372116"
"Germany","2015","US$","41036.09177847374"
"Germany","2016","US$","42186.872392859856"
"Germany","2017","US$","44651.82910207785"
"Germany","2018","US$","47847.42619657479"
"Germany","2019","US$","46557.28406850895"
"Germany","2020","US$","45908.72471306861"
"Ghana","2015","US$","1796.6010784302428"
"Ghana","2016","US$","1971.9570730268535"
"Ghana","2017","US$","2074.175443036599"
"Ghana","2018","US$","2260.113451493931"
"Ghana","2019","US$","2247.1497481354563"
"Ghana","2020","US$","2205.5260862679334"
"Greece","2015","US$","18349.854466932797"
"Greece","2016","US$","18183.106824550763"
"Greece","2017","US$","18907.740557931007"
"Greece","2018","US$","20152.490167180687"
"Greece","2019","US$","19587.057270606245"
"Greece","2020","US$","18117.07025847801"
"Greenland","2015","US$","44328.592963132956"
"Greenland","2016","US$","47988.71589406729"
"Greenland","2017","US$","50488.01327788174"
"Greenland","2018","US$","53751.59522778629"
"Greenland","2019","US$","52622.5726053252"
"Greenland","2020","US$","55138.5698779367"
"Grenada","2015","US$","9096.865914902575"
"Grenada","2016","US$","9628.433813775866"
"Grenada","2017","US$","10152.832811887234"
"Grenada","2018","US$","10466.330789849191"
"Grenada","2019","US$","10834.400864262565"
"Grenada","2020","US$","9272.883756111096"
"Guatemala","2015","US$","3826.2628161728953"
"Guatemala","2016","US$","3983.1815668649533"
"Guatemala","2017","US$","4236.114905620663"
"Guatemala","2018","US$","4244.525131022169"
"Guatemala","2019","US$","4380.749910643586"
"Guatemala","2020","US$","4331.686958201699"
"Guinea","2015","US$","769.256011304591"
"Guinea","2016","US$","732.9629175909929"
"Guinea","2017","US$","855.5750571007848"
"Guinea","2018","US$","955.1112064790983"
"Guinea","2019","US$","1058.1433723314017"
"Guinea","2020","US$","1179.4888901616227"
"Guinea-Bissau","2015","US$","602.9446772442778"
"Guinea-Bissau","2016","US$","661.4559332041407"
"Guinea-Bissau","2017","US$","738.5502858518615"
"Guinea-Bissau","2018","US$","737.5827508729895"
"Guinea-Bissau","2019","US$","688.3516152888993"
"Guinea-Bissau","2020","US$","668.190170586211"
"Guyana","2015","US$","5576.83311838"
"Guyana","2016","US$","5811.360254199997"
"Guyana","2017","US$","6124.922066376388"
"Guyana","2018","US$","6145.828152204706"
"Guyana","2019","US$","6609.593400849797"
"Guyana","2020","US$","6956.0194153894845"
"Haiti","2015","US$","1330.2379962574773"
"Haiti","2016","US$","1230.0177750396222"
"Haiti","2017","US$","1387.4388264321076"
"Haiti","2018","US$","1422.45448528732"
"Haiti","2019","US$","1243.603855962435"
"Haiti","2020","US$","1359.802536371033"
"Honduras","2015","US$","2302.2040020357963"
"Honduras","2016","US$","2342.583236939397"
"Honduras","2017","US$","2453.7295734238455"
"Honduras","2018","US$","2510.320233521871"
"Honduras","2019","US$","2574.3521351804106"
"Honduras","2020","US$","2405.7349973393257"
"Hungary","2015","US$","12805.411191429945"
"Hungary","2016","US$","13189.422541888427"
"Hungary","2017","US$","14711.08421982475"
"Hungary","2018","US$","16542.554758796003"
"Hungary","2019","US$","16885.070887046408"
"Hungary","2020","US$","16128.651664777733"
"Iceland","2015","US$","53043.39688983917"
"Iceland","2016","US$","62591.187488944895"
"Iceland","2017","US$","73949.76921604315"
"Iceland","2018","US$","78010.24539459281"
"Iceland","2019","US$","73319.96320407312"
"Iceland","2020","US$","63644.018266178"
"India","2015","US$","1638.556391467688"
"India","2016","US$","1729.378029994433"
"India","2017","US$","1960.3903404098853"
"India","2018","US$","2041.440108389178"
"India","2019","US$","2114.9821343682765"
"India","2020","US$","1930.9712179272174"
"Indonesia","2015","US$","3331.6951185020002"
"Indonesia","2016","US$","3562.8164010798964"
"Indonesia","2017","US$","3837.578116689664"
"Indonesia","2018","US$","3893.8596726848637"
"Indonesia","2019","US$","4135.201527578904"
"Indonesia","2020","US$","3869.588520468482"
"Iran, Islamic Republic of","2015","US$","5315.306732743593"
"Iran, Islamic Republic of","2016","US$","5857.965692729659"
"Iran, Islamic Republic of","2017","US$","6243.78041241252"
"Iran, Islamic Republic of","2018","US$","6434.769967361919"
"Iran, Islamic Republic of","2019","US$","7882.788912167376"
"Iran, Islamic Republic of","2020","US$","11183.27487696786"
"Iraq","2015","US$","4688.318937935365"
"Iraq","2016","US$","4550.658637848288"
"Iraq","2017","US$","4985.453727835151"
"Iraq","2018","US$","5915.851469392169"
"Iraq","2019","US$","5980.628489397344"
"Iraq","2020","US$","4145.863967108482"
"Ireland","2015","US$","62647.50095977821"
"Ireland","2016","US$","63615.69170696254"
"Ireland","2017","US$","70568.30244406257"
"Ireland","2018","US$","79905.88962280215"
"Ireland","2019","US$","81745.51405530187"
"Ireland","2020","US$","86250.9941527383"
"Israel","2015","US$","37610.90865129139"
"Israel","2016","US$","39342.11660655807"
"Israel","2017","US$","43096.06969702044"
"Israel","2018","US$","44579.20147837676"
"Israel","2019","US$","46709.35488423283"
"Israel","2020","US$","47033.58654720191"
"Italy","2015","US$","30306.12212512312"
"Italy","2016","US$","30921.576715448693"
"Italy","2017","US$","32333.550863402193"
"Italy","2018","US$","34504.79795092575"
"Italy","2019","US$","33185.489321151916"
"Italy","2020","US$","31238.048346199073"
"Jamaica","2015","US$","4910.965056031282"
"Jamaica","2016","US$","4843.757532519492"
"Jamaica","2017","US$","5070.097885022645"
"Jamaica","2018","US$","5360.004185607108"
"Jamaica","2019","US$","5369.492830162391"
"Jamaica","2020","US$","4664.519717868851"
"Japan","2015","US$","34730.05456004159"
"Japan","2016","US$","39163.66435645051"
"Japan","2017","US$","38672.40773992416"
"Japan","2018","US$","39597.52313589336"
"Japan","2019","US$","40586.23468407326"
"Japan","2020","US$","39989.72550873827"
"Jordan","2015","US$","4164.107876282442"
"Jordan","2016","US$","4175.356604281657"
"Jordan","2017","US$","4231.46485225906"
"Jordan","2018","US$","4308.181070207412"
"Jordan","2019","US$","4405.48059577022"
"Jordan","2020","US$","4282.721671458157"
"Kazakhstan","2015","US$","10493.29823219165"
"Kazakhstan","2016","US$","7698.89979671645"
"Kazakhstan","2017","US$","9225.974207592379"
"Kazakhstan","2018","US$","9789.504208933933"
"Kazakhstan","2019","US$","9792.62219586664"
"Kazakhstan","2020","US$","9111.410500618287"
"Kenya","2015","US$","1464.554797051126"
"Kenya","2016","US$","1525.235557289559"
"Kenya","2017","US$","1634.0687435384978"
"Kenya","2018","US$","1794.0918095967959"
"Kenya","2019","US$","1912.623299765703"
"Kenya","2020","US$","1878.581192410306"
"Kingdom of Eswatini","2015","US$","3676.157062799492"
"Kingdom of Eswatini","2016","US$","3425.5170631624687"
"Kingdom of Eswatini","2017","US$","3913.1459273590804"
"Kingdom of Eswatini","2018","US$","4105.620395001027"
"Kingdom of Eswatini","2019","US$","3894.1976188300355"
"Kingdom of Eswatini","2020","US$","3305.7742711310666"
"Kiribati","2015","US$","1535.132497400269"
"Kiribati","2016","US$","1586.3989863236416"
"Kiribati","2017","US$","1648.5726707059691"
"Kiribati","2018","US$","1693.864553678518"
"Kiribati","2019","US$","1512.972242287648"
"Kiribati","2020","US$","1514.569464040255"
"Kosovo","2015","US$","3532.80236043345"
"Kosovo","2016","US$","3719.0840679031417"
"Kosovo","2017","US$","4013.0464213178047"
"Kosovo","2018","US$","4416.570338837762"
"Kosovo","2019","US$","4443.434553033874"
"Kosovo","2020","US$","4368.143129430832"
"Kuwait","2015","US$","29874.032521119723"
"Kuwait","2016","US$","27649.72361725675"
"Kuwait","2017","US$","29754.636331983722"
"Kuwait","2018","US$","33403.90087233687"
"Kuwait","2019","US$","32371.98617205958"
"Kuwait","2020","US$","24809.03962857007"
"Kyrgyzstan","2015","US$","1120.6648570199352"
"Kyrgyzstan","2016","US$","1121.6208859484373"
"Kyrgyzstan","2017","US$","1244.4702211201318"
"Kyrgyzstan","2018","US$","1312.034713674035"
"Kyrgyzstan","2019","US$","1382.6725722641556"
"Kyrgyzstan","2020","US$","1185.730192779862"
"Lao People's Democratic Republic","2015","US$","2134.7123633341184"
"Lao People's Democratic Republic","2016","US$","2308.8004727916345"
"Lao People's Democratic Republic","2017","US$","2455.2116751910967"
"Lao People's Democratic Republic","2018","US$","2569.092464132796"
"Lao People's Democratic Republic","2019","US$","2613.9450644918866"
"Lao People's Democratic Republic","2020","US$","2622.757639657728"
"Latin America and the Caribbean","2015","US$","8848.408144786381"
"Latin America and the Caribbean","2016","US$","8401.212861107466"
"Latin America and the Caribbean","2017","US$","9130.854699454203"
"Latin America and the Caribbean","2018","US$","8775.20720407671"
"Latin America and the Caribbean","2019","US$","8512.994020351129"
"Latin America and the Caribbean","2020","US$","7046.57330641515"
"Latvia","2015","US$","13641.929877761864"
"Latvia","2016","US$","14215.17331113685"
"Latvia","2017","US$","15623.931571742367"
"Latvia","2018","US$","17853.12699674774"
"Latvia","2019","US$","17993.39702587182"
"Latvia","2020","US$","17870.510315620944"
"Lebanon","2015","US$","7663.923751663531"
"Lebanon","2016","US$","7653.733629984259"
"Lebanon","2017","US$","7819.604670196455"
"Lebanon","2018","US$","8058.4443369232595"
"Lebanon","2019","US$","7811.922380731681"
"Lebanon","2020","US$","9310.161925452137"
"Lesotho","2015","US$","1146.0236417170713"
"Lesotho","2016","US$","1027.2250558494745"
"Lesotho","2017","US$","1101.8033973706335"
"Lesotho","2018","US$","1191.85233661189"
"Lesotho","2019","US$","1154.5399327702883"
"Lesotho","2020","US$","1061.2657146272384"
"Liberia","2015","US$","596.7939931533039"
"Liberia","2016","US$","601.0743468140116"
"Liberia","2017","US$","587.5940458838006"
"Liberia","2018","US$","569.6144774000601"
"Liberia","2019","US$","522.9991677762308"
"Liberia","2020","US$","490.5191238830602"
"Libya","2015","US$","7559.933245449145"
"Libya","2016","US$","7671.86546827474"
"Libya","2017","US$","10047.807807125091"
"Libya","2018","US$","11414.305512330879"
"Libya","2019","US$","8827.836565047912"
"Libya","2020","US$","4242.767173592811"
"Liechtenstein","2015","US$","167294.18574066932"
"Liechtenstein","2016","US$","165630.13272158202"
"Liechtenstein","2017","US$","171278.0663890571"
"Liechtenstein","2018","US$","180407.85203416267"
"Liechtenstein","2019","US$","175811.16974509732"
"Liechtenstein","2020","US$","180227.1319918258"
"Lithuania","2015","US$","14127.0696536419"
"Lithuania","2016","US$","14887.433346209848"
"Lithuania","2017","US$","16784.45981209767"
"Lithuania","2018","US$","19188.092184701985"
"Lithuania","2019","US$","19820.56959775116"
"Lithuania","2020","US$","20771.842179684525"
"Luxembourg","2015","US$","105952.15571886257"
"Luxembourg","2016","US$","107333.87603445334"
"Luxembourg","2017","US$","111017.18224558403"
"Luxembourg","2018","US$","117973.7017226676"
"Luxembourg","2019","US$","114004.23805848614"
"Luxembourg","2020","US$","117181.64662928664"
"Madagascar","2015","US$","467.2352720647595"
"Madagascar","2016","US$","475.95556182082174"
"Madagascar","2017","US$","515.2933032213805"
"Madagascar","2018","US$","523.945978505324"
"Madagascar","2019","US$","522.9895109267981"
"Madagascar","2020","US$","469.7663094971878"
"Malawi","2015","US$","490.6429341552969"
"Malawi","2016","US$","414.0484200402094"
"Malawi","2017","US$","506.1372150927982"
"Malawi","2018","US$","544.3941141507265"
"Malawi","2019","US$","598.3292220000088"
"Malawi","2020","US$","614.8676047124184"
"Malaysia","2015","US$","9955.243038669361"
"Malaysia","2016","US$","9817.7848807736"
"Malaysia","2017","US$","10259.210255665836"
"Malaysia","2018","US$","11377.569225401032"
"Malaysia","2019","US$","11414.290367115525"
"Malaysia","2020","US$","10401.793199213475"
"Maldives","2015","US$","9033.372062730725"
"Maldives","2016","US$","9209.30339357464"
"Maldives","2017","US$","9577.289371087889"
"Maldives","2018","US$","10279.231339597321"
"Maldives","2019","US$","10561.664288392129"
"Maldives","2020","US$","6924.093846665804"
"Mali","2015","US$","750.9040617377257"
"Mali","2016","US$","780.7237669682318"
"Mali","2017","US$","830.0213996274756"
"Mali","2018","US$","894.8051249500022"
"Mali","2019","US$","879.12138974187"
"Mali","2020","US$","855.8631880752688"
"Malta","2015","US$","25572.08561191355"
"Malta","2016","US$","26801.725332582402"
"Malta","2017","US$","30850.173569661056"
"Malta","2018","US$","34896.72612157818"
"Malta","2019","US$","35710.558627527505"
"Malta","2020","US$","33770.79012174075"
"Marshall Islands","2015","US$","3207.707272062536"
"Marshall Islands","2016","US$","3493.5150255477615"
"Marshall Islands","2017","US$","3669.8065727376074"
"Marshall Islands","2018","US$","3797.001523633438"
"Marshall Islands","2019","US$","4076.159786361858"
"Marshall Islands","2020","US$","4130.130900489948"
"Mauritania","2015","US$","1524.074447254569"
"Mauritania","2016","US$","1536.8552456775099"
"Mauritania","2017","US$","1587.8633534569472"
"Mauritania","2018","US$","1669.7730973160562"
"Mauritania","2019","US$","1743.3020877428019"
"Mauritania","2020","US$","1702.4876914738516"
"Mauritius","2015","US$","9283.601067747531"
"Mauritius","2016","US$","9693.9604408917"
"Mauritius","2017","US$","10485.851087250492"
"Mauritius","2018","US$","11191.680900907184"
"Mauritius","2019","US$","11062.58346005534"
"Mauritius","2020","US$","8586.942672430507"
"Melanesia","2015","US$","3652.66344860521"
"Melanesia","2016","US$","3522.7981461386994"
"Melanesia","2017","US$","3744.084312865481"
"Melanesia","2018","US$","3905.5272779169154"
"Melanesia","2019","US$","3845.206840762109"
"Melanesia","2020","US$","3591.0579616882196"
"Mexico","2015","US$","9616.665232181156"
"Mexico","2016","US$","8744.535293568464"
"Mexico","2017","US$","9287.841557325055"
"Mexico","2018","US$","9686.49281062123"
"Mexico","2019","US$","9946.01661841142"
"Mexico","2020","US$","8325.571217570461"
"Micronesia","2015","US$","3452.886316540987"
"Micronesia","2016","US$","3652.36202639105"
"Micronesia","2017","US$","3794.9395210052653"
"Micronesia","2018","US$","3941.62013452359"
"Micronesia","2019","US$","3884.0310586410833"
"Micronesia","2020","US$","3803.4809667679"
"Micronesia (Federated States of)","2015","US$","2906.3772165847836"
"Micronesia (Federated States of)","2016","US$","3014.7000136097627"
"Micronesia (Federated States of)","2017","US$","3289.701226459954"
"Micronesia (Federated States of)","2018","US$","3568.290829190341"
"Micronesia (Federated States of)","2019","US$","3585.297192812898"
"Micronesia (Federated States of)","2020","US$","3499.8632186606155"
"Middle Africa","2015","US$","1543.5362820524108"
"Middle Africa","2016","US$","1396.2035468643417"
"Middle Africa","2017","US$","1498.1972401592307"
"Middle Africa","2018","US$","1445.8575152219871"
"Middle Africa","2019","US$","1322.267588170214"
"Middle Africa","2020","US$","1095.1441404817515"
"Monaco","2015","US$","165945.45684619775"
"Monaco","2016","US$","169909.46395013607"
"Monaco","2017","US$","167516.04676308206"
"Monaco","2018","US$","185986.0778680258"
"Monaco","2019","US$","189506.77341175635"
"Monaco","2020","US$","173695.77238077967"
"Mongolia","2015","US$","3918.581677064937"
"Mongolia","2016","US$","3660.1448199902084"
"Mongolia","2017","US$","3669.40923481722"
"Mongolia","2018","US$","4134.9737644893"
"Mongolia","2019","US$","4339.843235842126"
"Mongolia","2020","US$","4007.311279513549"
"Montenegro","2015","US$","6464.703332389088"
"Montenegro","2016","US$","6973.052940945936"
"Montenegro","2017","US$","7738.844300515987"
"Montenegro","2018","US$","8771.631140468937"
"Montenegro","2019","US$","8825.313988484262"
"Montenegro","2020","US$","7625.72201655034"
"Montserrat","2015","US$","12348.910214825253"
"Montserrat","2016","US$","12586.346635734308"
"Montserrat","2017","US$","12058.587479935793"
"Montserrat","2018","US$","12589.477119819598"
"Montserrat","2019","US$","13134.822535504034"
"Montserrat","2020","US$","13523.118471035137"
"Morocco","2015","US$","2918.8918357991624"
"Morocco","2016","US$","2941.1566755137737"
"Morocco","2017","US$","3082.5993044619713"
"Morocco","2018","US$","3277.800996544813"
"Morocco","2019","US$","3286.6718644045086"
"Morocco","2020","US$","3108.1753735798206"
"Mozambique","2015","US$","589.8593918147357"
"Mozambique","2016","US$","428.9263377170073"
"Mozambique","2017","US$","461.41475353983265"
"Mozambique","2018","US$","503.3020944777896"
"Mozambique","2019","US$","506.8172559872871"
"Mozambique","2020","US$","448.84389134931956"
"Myanmar","2015","US$","1211.7366955240216"
"Myanmar","2016","US$","1262.520574011848"
"Myanmar","2017","US$","1277.74369792673"
"Myanmar","2018","US$","1370.6857478454217"
"Myanmar","2019","US$","1374.375238493009"
"Myanmar","2020","US$","1640.5287269245732"
"Namibia","2015","US$","4896.6012181879405"
"Namibia","2016","US$","4546.996893282738"
"Namibia","2017","US$","5363.90754125476"
"Namibia","2018","US$","5587.965592360081"
"Namibia","2019","US$","5037.229138171517"
"Namibia","2020","US$","4215.170140519006"
"Nauru","2015","US$","10050.385547447746"
"Nauru","2016","US$","11280.97409042002"
"Nauru","2017","US$","12176.618388760715"
"Nauru","2018","US$","12952.54172718868"
"Nauru","2019","US$","12350.926128171914"
"Nauru","2020","US$","12510.366255528914"
"Nepal","2015","US$","876.0736898225028"
"Nepal","2016","US$","890.8794240031601"
"Nepal","2017","US$","1065.5142069347023"
"Nepal","2018","US$","1129.4210234673344"
"Nepal","2019","US$","1197.8259206485745"
"Nepal","2020","US$","1135.2879571686306"
"Netherlands","2015","US$","45179.029722822466"
"Netherlands","2016","US$","46140.66133970152"
"Netherlands","2017","US$","48989.63881572124"
"Netherlands","2018","US$","53579.54356264799"
"Netherlands","2019","US$","53236.67466812418"
"Netherlands","2020","US$","53333.65757210709"
"New Caledonia","2015","US$","32223.59800138048"
"New Caledonia","2016","US$","31797.7118803375"
"New Caledonia","2017","US$","33101.38433649195"
"New Caledonia","2018","US$","35168.45165416946"
"New Caledonia","2019","US$","33379.76302066886"
"New Caledonia","2020","US$","34006.32519721463"
"New Zealand","2015","US$","38587.76385945981"
"New Zealand","2016","US$","40529.64202035632"
"New Zealand","2017","US$","43943.48462817563"
"New Zealand","2018","US$","44686.32872157931"
"New Zealand","2019","US$","44622.989778303985"
"New Zealand","2020","US$","43972.13057263752"
"Nicaragua","2015","US$","2049.8480356892746"
"Nicaragua","2016","US$","2107.5742376923013"
"Nicaragua","2017","US$","2159.1582394839165"
"Nicaragua","2018","US$","2014.5727046425804"
"Nicaragua","2019","US$","1926.6979922790028"
"Nicaragua","2020","US$","1905.255197227147"
"Niger","2015","US$","483.78682570695304"
"Niger","2016","US$","500.21476316790097"
"Niger","2017","US$","517.7718809272335"
"Niger","2018","US$","570.7242446610597"
"Niger","2019","US$","554.0996991318456"
"Niger","2020","US$","567.6696968082781"
"Nigeria","2015","US$","2730.427139223997"
"Nigeria","2016","US$","2175.9980693874736"
"Nigeria","2017","US$","1968.6872373012136"
"Nigeria","2018","US$","2153.526494348688"
"Nigeria","2019","US$","2361.206966652966"
"Nigeria","2020","US$","2085.4740609886753"
"Northern Africa","2015","US$","3405.333494618594"
"Northern Africa","2016","US$","3138.6221863559676"
"Northern Africa","2017","US$","3026.6529272097296"
"Northern Africa","2018","US$","2989.223115493665"
"Northern Africa","2019","US$","3077.588527190056"
"Northern Africa","2020","US$","3102.7750164001545"
"Northern America","2015","US$","55377.92130219742"
"Northern America","2016","US$","56277.89887644021"
"Northern America","2017","US$","58405.66742293251"
"Northern America","2018","US$","61103.297960125135"
"Northern America","2019","US$","63079.24595729229"
"Northern America","2020","US$","61129.959904217634"
"Northern Europe","2015","US$","46357.47331144716"
"Northern Europe","2016","US$","44080.99611494493"
"Northern Europe","2017","US$","44948.34978407029"
"Northern Europe","2018","US$","48180.56568880528"
"Northern Europe","2019","US$","47205.556225138396"
"Northern Europe","2020","US$","45889.298944824135"
"Norway","2015","US$","74194.94577659167"
"Norway","2016","US$","70238.71866631997"
"Norway","2017","US$","75220.81444174515"
"Norway","2018","US$","81866.39256544989"
"Norway","2019","US$","75389.62273955227"
"Norway","2020","US$","66870.73072574414"
"Oceania","2015","US$","37163.74153866875"
"Oceania","2016","US$","38447.32460342769"
"Oceania","2017","US$","41052.62036291285"
"Oceania","2018","US$","41717.474389975345"
"Oceania","2019","US$","39317.24640457201"
"Oceania","2020","US$","39736.15631730951"
"Oman","2015","US$","16028.611522002977"
"Oman","2016","US$","14618.73312520578"
"Oman","2017","US$","15130.54343819387"
"Oman","2018","US$","16521.216490927894"
"Oman","2019","US$","15343.06200427509"
"Oman","2020","US$","12408.898139899371"
"Pakistan","2015","US$","1339.0129753155995"
"Pakistan","2016","US$","1362.8600081577881"
"Pakistan","2017","US$","1455.991741823591"
"Pakistan","2018","US$","1338.8881684510643"
"Pakistan","2019","US$","1168.6430974443842"
"Pakistan","2020","US$","1167.216495739256"
"Palau","2015","US$","15784.023832437022"
"Palau","2016","US$","16741.877630465446"
"Palau","2017","US$","16148.02689802336"
"Palau","2018","US$","15934.060367454069"
"Palau","2019","US$","15572.490337627722"
"Palau","2020","US$","14566.909638554216"
"Panama","2015","US$","13630.311445142695"
"Panama","2016","US$","14343.962491931044"
"Panama","2017","US$","15146.390070637039"
"Panama","2018","US$","15544.723394006372"
"Panama","2019","US$","15727.970386716965"
"Panama","2020","US$","12269.04587571009"
"Papua New Guinea","2015","US$","2679.3342976045165"
"Papua New Guinea","2016","US$","2509.6073791988165"
"Papua New Guinea","2017","US$","2695.259465960904"
"Papua New Guinea","2018","US$","2813.7281723654546"
"Papua New Guinea","2019","US$","2829.1391440319303"
"Papua New Guinea","2020","US$","2639.8831747310564"
"Paraguay","2015","US$","5413.787254008856"
"Paraguay","2016","US$","5324.635818508739"
"Paraguay","2017","US$","5678.867540156579"
"Paraguay","2018","US$","5782.7870884646745"
"Paraguay","2019","US$","5380.965631942986"
"Paraguay","2020","US$","4949.744130174471"
"Peru","2015","US$","6229.024935536409"
"Peru","2016","US$","6205.067881351301"
"Peru","2017","US$","6710.531502909926"
"Peru","2018","US$","6957.788787231577"
"Peru","2019","US$","7027.686704566066"
"Peru","2020","US$","6162.698252283082"
"Philippines","2015","US$","3001.040371065788"
"Philippines","2016","US$","3073.656906141869"
"Philippines","2017","US$","3123.2442964538272"
"Philippines","2018","US$","3252.1084242908983"
"Philippines","2019","US$","3485.3422369215846"
"Philippines","2020","US$","3298.8300621550306"
"Poland","2015","US$","12562.731212555038"
"Poland","2016","US$","12441.223117485491"
"Poland","2017","US$","13872.466906617343"
"Poland","2018","US$","15490.094257777622"
"Poland","2019","US$","15764.57219253218"
"Poland","2020","US$","15764.10582986111"
"Polynesia","2015","US$","11493.065904995718"
"Polynesia","2016","US$","11828.62998897683"
"Polynesia","2017","US$","12467.045950599017"
"Polynesia","2018","US$","13235.09601603641"
"Polynesia","2019","US$","12991.207072177123"
"Polynesia","2020","US$","12066.917238106154"
"Portugal","2015","US$","19223.297352441627"
"Portugal","2016","US$","19978.23481758469"
"Portugal","2017","US$","21515.02102477155"
"Portugal","2018","US$","23626.029324717943"
"Portugal","2019","US$","23467.87934143015"
"Portugal","2020","US$","22413.0398391619"
"Puerto Rico","2015","US$","30570.73775742137"
"Puerto Rico","2016","US$","31779.69160479726"
"Puerto Rico","2017","US$","32697.981804026782"
"Puerto Rico","2018","US$","33203.42571841784"
"Puerto Rico","2019","US$","35765.43051631413"
"Puerto Rico","2020","US$","36051.590207536006"
"Qatar","2015","US$","63039.063486421794"
"Qatar","2016","US$","57163.0756845655"
"Qatar","2017","US$","59124.845568212535"
"Qatar","2018","US$","65907.9484330656"
"Qatar","2019","US$","62088.061827687634"
"Qatar","2020","US$","50814.9344504966"
"Republic of Korea","2015","US$","28840.69345301652"
"Republic of Korea","2016","US$","29423.496154468045"
"Republic of Korea","2017","US$","31781.12331969456"
"Republic of Korea","2018","US$","33705.256942529806"
"Republic of Korea","2019","US$","32234.507491402375"
"Republic of Korea","2020","US$","31946.98251074362"
"Republic of Moldova","2015","US$","1902.6805986549123"
"Republic of Moldova","2016","US$","1985.1085807385143"
"Republic of Moldova","2017","US$","2381.8951777161487"
"Republic of Moldova","2018","US$","2827.64104565455"
"Republic of Moldova","2019","US$","2960.812843545041"
"Republic of Moldova","2020","US$","2953.5108841121933"
"Republic of North Macedonia","2015","US$","4840.271971756381"
"Republic of North Macedonia","2016","US$","5129.160406572357"
"Republic of North Macedonia","2017","US$","5430.875558817686"
"Republic of North Macedonia","2018","US$","6088.972567894707"
"Republic of North Macedonia","2019","US$","6022.218418196289"
"Republic of North Macedonia","2020","US$","5886.461037375762"
"Romania","2015","US$","8919.906091466557"
"Romania","2016","US$","9503.27755574178"
"Romania","2017","US$","10771.150493731024"
"Romania","2018","US$","12378.497434730214"
"Romania","2019","US$","12903.993528911185"
"Romania","2020","US$","12928.580656306674"
"Russian Federation","2015","US$","9404.294684099235"
"Russian Federation","2016","US$","8788.731703106829"
"Russian Federation","2017","US$","10817.003314852873"
"Russian Federation","2018","US$","11372.277987577692"
"Russian Federation","2019","US$","11567.996131549224"
"Russian Federation","2020","US$","10165.50596704888"
"Rwanda","2015","US$","749.9252268661604"
"Rwanda","2016","US$","744.8046166837339"
"Rwanda","2017","US$","772.2931702308272"
"Rwanda","2018","US$","783.7143498371414"
"Rwanda","2019","US$","820.2673282583695"
"Rwanda","2020","US$","797.7054034701089"
"Saint Kitts and Nevis","2015","US$","18029.325538651163"
"Saint Kitts and Nevis","2016","US$","18812.016859474486"
"Saint Kitts and Nevis","2017","US$","19155.431731087414"
"Saint Kitts and Nevis","2018","US$","19275.41851265655"
"Saint Kitts and Nevis","2019","US$","19777.58005246031"
"Saint Kitts and Nevis","2020","US$","17433.63318580898"
"Saint Lucia","2015","US$","10104.49503577246"
"Saint Lucia","2016","US$","10362.589514813662"
"Saint Lucia","2017","US$","11034.684894339833"
"Saint Lucia","2018","US$","11353.770299061107"
"Saint Lucia","2019","US$","11591.403209106584"
"Saint Lucia","2020","US$","8804.664205558409"
"Saint Vincent and the Grenadines","2015","US$","6920.87807380804"
"Saint Vincent and the Grenadines","2016","US$","7075.065820349442"
"Saint Vincent and the Grenadines","2017","US$","7212.960180809616"
"Saint Vincent and the Grenadines","2018","US$","7361.334168095744"
"Saint Vincent and the Grenadines","2019","US$","7457.50950382514"
"Saint Vincent and the Grenadines","2020","US$","7298.372827487664"
"Samoa","2015","US$","4066.3182563804644"
"Samoa","2016","US$","4223.59730867682"
"Samoa","2017","US$","4223.478963214217"
"Samoa","2018","US$","4256.224609849803"
"Samoa","2019","US$","4298.591718248489"
"Samoa","2020","US$","3889.9973617222568"
"San Marino","2015","US$","42643.354537855026"
"San Marino","2016","US$","43796.13381106796"
"San Marino","2017","US$","45398.7465517913"
"San Marino","2018","US$","48996.723516110615"
"San Marino","2019","US$","47732.772009020686"
"San Marino","2020","US$","45832.19904812271"
"Sao Tome and Principe","2015","US$","1595.8189867101596"
"Sao Tome and Principe","2016","US$","1710.1441879743452"
"Sao Tome and Principe","2017","US$","1828.1940178931443"
"Sao Tome and Principe","2018","US$","1968.249855923698"
"Sao Tome and Principe","2019","US$","2002.4232574156272"
"Sao Tome and Principe","2020","US$","2174.0479183198017"
"Saudi Arabia","2015","US$","20627.927632634517"
"Saudi Arabia","2016","US$","19878.76571843512"
"Saudi Arabia","2017","US$","20802.464299316955"
"Saudi Arabia","2018","US$","23337.019971162"
"Saudi Arabia","2019","US$","23139.798656960113"
"Saudi Arabia","2020","US$","20110.315318519642"
"Senegal","2015","US$","1218.3319721945538"
"Senegal","2016","US$","1269.9032882816346"
"Senegal","2017","US$","1361.702214343751"
"Senegal","2018","US$","1458.0692937544318"
"Senegal","2019","US$","1430.1480513122403"
"Senegal","2020","US$","1457.9907269663006"
"Serbia","2015","US$","5588.979447781679"
"Serbia","2016","US$","5765.203332222526"
"Serbia","2017","US$","6275.194383814678"
"Serbia","2018","US$","7214.957801882482"
"Serbia","2019","US$","7364.95376738672"
"Serbia","2020","US$","7655.695884860914"
"Seychelles","2015","US$","14503.279344640148"
"Seychelles","2016","US$","14896.13089686265"
"Seychelles","2017","US$","15850.473497791025"
"Seychelles","2018","US$","15940.23860359547"
"Seychelles","2019","US$","16194.8583159571"
"Seychelles","2020","US$","10766.786689046503"
"Sierra Leone","2015","US$","592.3255596174121"
"Sierra Leone","2016","US$","527.0581067950014"
"Sierra Leone","2017","US$","499.38123979531423"
"Sierra Leone","2018","US$","533.9914601160111"
"Sierra Leone","2019","US$","527.5336318224475"
"Sierra Leone","2020","US$","474.6920622190446"
"Singapore","2015","US$","55076.926605249275"
"Singapore","2016","US$","56380.21668660687"
"Singapore","2017","US$","60148.75068728748"
"Singapore","2018","US$","65300.91013685441"
"Singapore","2019","US$","64503.102110985434"
"Singapore","2020","US$","58114.24534726117"
"Sint Maarten (Dutch part)","2015","US$","26681.96009321424"
"Sint Maarten (Dutch part)","2016","US$","26271.00174245602"
"Sint Maarten (Dutch part)","2017","US$","24466.750313676286"
"Sint Maarten (Dutch part)","2018","US$","23355.322647677047"
"Sint Maarten (Dutch part)","2019","US$","25569.490930552176"
"Sint Maarten (Dutch part)","2020","US$","20000.092718980184"
"Slovakia","2015","US$","16300.152796639004"
"Slovakia","2016","US$","16467.108368700625"
"Slovakia","2017","US$","17510.144290047032"
"Slovakia","2018","US$","19367.783122614735"
"Slovakia","2019","US$","19293.40751812354"
"Slovakia","2020","US$","19263.637522674413"
"Slovenia","2015","US$","20804.45838120399"
"Slovenia","2016","US$","21567.890195521275"
"Slovenia","2017","US$","23400.71298756179"
"Slovenia","2018","US$","26067.29579621499"
"Slovenia","2019","US$","26064.403987387952"
"Slovenia","2020","US$","25777.39671924313"
"Solomon Islands","2015","US$","1775.7014508735654"
"Solomon Islands","2016","US$","1823.4498396002807"
"Solomon Islands","2017","US$","1911.4314527235783"
"Solomon Islands","2018","US$","1976.179893291431"
"Solomon Islands","2019","US$","1920.6575927587808"
"Solomon Islands","2020","US$","1843.9909825047148"
"Somalia","2015","US$","105.44017128102577"
"Somalia","2016","US$","106.3427191773364"
"Somalia","2017","US$","111.04807804429986"
"Somalia","2018","US$","111.40856441901472"
"Somalia","2019","US$","118.60567395481785"
"Somalia","2020","US$","117.85887088943343"
"South Africa","2015","US$","5730.934452180424"
"South Africa","2016","US$","5272.254216960439"
"South Africa","2017","US$","6121.876572182545"
"South Africa","2018","US$","6369.231608321647"
"South Africa","2019","US$","6001.389576286863"
"South Africa","2020","US$","5094.384037931281"
"South America","2015","US$","9108.6166413771"
"South America","2016","US$","8660.248230532541"
"South America","2017","US$","9551.790625237669"
"South America","2018","US$","8868.753085628812"
"South America","2019","US$","8362.914879164911"
"South America","2020","US$","6726.670259566637"
"South Sudan","2015","US$","581.4724010408864"
"South Sudan","2016","US$","302.4584078916692"
"South Sudan","2017","US$","327.32495291156545"
"South Sudan","2018","US$","737.3807402857026"
"South Sudan","2019","US$","1486.368530376994"
"South Sudan","2020","US$","1420.7104339345572"
"South-Eastern Asia","2015","US$","3912.9255853360933"
"South-Eastern Asia","2016","US$","4061.0051223607857"
"South-Eastern Asia","2017","US$","4330.073244726882"
"South-Eastern Asia","2018","US$","4588.904104969345"
"South-Eastern Asia","2019","US$","4798.729817709519"
"South-Eastern Asia","2020","US$","4512.3682533340325"
"Southern Africa","2015","US$","5550.359752859234"
"Southern Africa","2016","US$","5142.123173577459"
"Southern Africa","2017","US$","5953.771417964941"
"Southern Africa","2018","US$","6200.476335512042"
"Southern Africa","2019","US$","5842.477576668643"
"Southern Africa","2020","US$","4958.873715874927"
"Southern Asia","2015","US$","1725.8374615791788"
"Southern Asia","2016","US$","1829.5762365444152"
"Southern Asia","2017","US$","2038.9016197655062"
"Southern Asia","2018","US$","2103.235285753873"
"Southern Asia","2019","US$","2211.947363257871"
"Southern Asia","2020","US$","2232.127707105474"
"Southern Europe","2015","US$","23669.488626064092"
"Southern Europe","2016","US$","24273.340117207856"
"Southern Europe","2017","US$","25641.247671890276"
"Southern Europe","2018","US$","27626.919169132496"
"Southern Europe","2019","US$","26884.87530618522"
"Southern Europe","2020","US$","25170.901111586798"
"Spain","2015","US$","25606.81275444936"
"Spain","2016","US$","26420.043713929976"
"Spain","2017","US$","28137.44156403125"
"Spain","2018","US$","30432.79429398294"
"Spain","2019","US$","29806.208565547026"
"Spain","2020","US$","27408.634900235935"
"Sri Lanka","2015","US$","3855.1737357991024"
"Sri Lanka","2016","US$","3919.9079379866716"
"Sri Lanka","2017","US$","4138.015199804002"
"Sri Lanka","2018","US$","4143.579417948194"
"Sri Lanka","2019","US$","3938.847521110851"
"Sri Lanka","2020","US$","3767.606654688218"
"State of Palestine","2015","US$","3084.9829747905023"
"State of Palestine","2016","US$","3323.2419848418367"
"State of Palestine","2017","US$","3397.351759248083"
"State of Palestine","2018","US$","3347.0430367887666"
"State of Palestine","2019","US$","3439.4811118114917"
"State of Palestine","2020","US$","3050.3895586596186"
"Sub-Saharan Africa","2015","US$","1668.8517415555978"
"Sub-Saharan Africa","2016","US$","1521.8918332108433"
"Sub-Saharan Africa","2017","US$","1578.9593938075639"
"Sub-Saharan Africa","2018","US$","1657.2708835607766"
"Sub-Saharan Africa","2019","US$","1669.9458049502562"
"Sub-Saharan Africa","2020","US$","1511.5774062716748"
"Sudan","2015","US$","2157.509364264747"
"Sudan","2016","US$","2250.3665304929236"
"Sudan","2017","US$","2990.994843202068"
"Sudan","2018","US$","1156.9779445390582"
"Sudan","2019","US$","815.0601008140496"
"Sudan","2020","US$","1415.2434481851312"
"Suriname","2015","US$","9168.027045570558"
"Suriname","2016","US$","5559.833887232608"
"Suriname","2017","US$","5947.369351390445"
"Suriname","2018","US$","6547.736923233575"
"Suriname","2019","US$","6840.885161699233"
"Suriname","2020","US$","7022.767222801033"
"Sweden","2015","US$","51726.202525333654"
"Sweden","2016","US$","52425.20379149252"
"Sweden","2017","US$","54621.34582423653"
"Sweden","2018","US$","55703.52348200861"
"Sweden","2019","US$","53194.436876930784"
"Sweden","2020","US$","53574.55263721811"
"Switzerland","2015","US$","84629.21807219081"
"Switzerland","2016","US$","83008.05997234613"
"Switzerland","2017","US$","83313.01399179248"
"Switzerland","2018","US$","86274.0865789764"
"Switzerland","2019","US$","85169.06006155263"
"Switzerland","2020","US$","86918.64829337553"
"Syrian Arab Republic","2015","US$","1109.4128361170933"
"Syrian Arab Republic","2016","US$","760.9213372057935"
"Syrian Arab Republic","2017","US$","987.6099287023806"
"Syrian Arab Republic","2018","US$","1303.7755311914407"
"Syrian Arab Republic","2019","US$","1558.0846508095453"
"Syrian Arab Republic","2020","US$","889.8152469196704"
"Tajikistan","2015","US$","978.4012937308437"
"Tajikistan","2016","US$","807.1047885510346"
"Tajikistan","2017","US$","848.6684350836896"
"Tajikistan","2018","US$","853.2184444937166"
"Tajikistan","2019","US$","890.5479948259925"
"Tajikistan","2020","US$","838.4510157622537"
"Thailand","2015","US$","5840.050054869046"
"Thailand","2016","US$","5993.308780569212"
"Thailand","2017","US$","6593.816870391103"
"Thailand","2018","US$","7296.876573731714"
"Thailand","2019","US$","7817.008103519396"
"Thailand","2020","US$","7189.047988729098"
"Timor-Leste","2015","US$","1332.7829293940827"
"Timor-Leste","2016","US$","1353.756040410469"
"Timor-Leste","2017","US$","1299.4967231258515"
"Timor-Leste","2018","US$","1249.1393538037846"
"Timor-Leste","2019","US$","1583.714826709684"
"Timor-Leste","2020","US$","1442.7274668264508"
"Togo","2015","US$","729.9724618941515"
"Togo","2016","US$","808.4164042547608"
"Togo","2017","US$","829.7000476216202"
"Togo","2018","US$","883.9433154625599"
"Togo","2019","US$","853.0091212441682"
"Togo","2020","US$","863.1447298940684"
"Tonga","2015","US$","4001.2408795295037"
"Tonga","2016","US$","4161.928700960636"
"Tonga","2017","US$","4522.873795034382"
"Tonga","2018","US$","4649.84482433088"
"Tonga","2019","US$","4865.492154299546"
"Tonga","2020","US$","4646.106308415562"
"Trinidad and Tobago","2015","US$","18383.59235931442"
"Trinidad and Tobago","2016","US$","16241.446332610236"
"Trinidad and Tobago","2017","US$","16747.91880399916"
"Trinidad and Tobago","2018","US$","17139.281652807676"
"Trinidad and Tobago","2019","US$","17123.28431891782"
"Trinidad and Tobago","2020","US$","15285.97325432979"
"Tunisia","2015","US$","3861.6438754904693"
"Tunisia","2016","US$","3697.88036308586"
"Tunisia","2017","US$","3481.2036121738897"
"Tunisia","2018","US$","3438.8489679477175"
"Tunisia","2019","US$","3351.535944687729"
"Tunisia","2020","US$","3318.333356319693"
"Turkey","2015","US$","11006.245575744098"
"Turkey","2016","US$","10894.47762259189"
"Turkey","2017","US$","10589.573121113046"
"Turkey","2018","US$","9454.407119054888"
"Turkey","2019","US$","9121.483248767421"
"Turkey","2020","US$","8538.131925699501"
"Turkmenistan","2015","US$","6477.941233711017"
"Turkmenistan","2016","US$","6387.6859595541255"
"Turkmenistan","2017","US$","6752.362493598288"
"Turkmenistan","2018","US$","6544.670362393757"
"Turkmenistan","2019","US$","7314.041637112567"
"Turkmenistan","2020","US$","7103.921926458605"
"Turks and Caicos Islands","2015","US$","26182.42961563047"
"Turks and Caicos Islands","2016","US$","28240.70680270248"
"Turks and Caicos Islands","2017","US$","27545.87094166779"
"Turks and Caicos Islands","2018","US$","29554.705960440726"
"Turks and Caicos Islands","2019","US$","31353.329318425807"
"Turks and Caicos Islands","2020","US$","23880.54343053439"
"Tuvalu","2015","US$","3156.876301846302"
"Tuvalu","2016","US$","3522.984721807082"
"Tuvalu","2017","US$","3862.1369305837693"
"Tuvalu","2018","US$","4000.6208152481972"
"Tuvalu","2019","US$","4036.0005160103465"
"Tuvalu","2020","US$","4274.432248891657"
"Uganda","2015","US$","766.4220904095423"
"Uganda","2016","US$","769.6821752906538"
"Uganda","2017","US$","767.1017045941952"
"Uganda","2018","US$","797.2495465712227"
"Uganda","2019","US$","852.014967698487"
"Uganda","2020","US$","846.1164807445148"
"Ukraine","2015","US$","2026.4391680235783"
"Ukraine","2016","US$","2087.858191157197"
"Ukraine","2017","US$","2521.8275138283184"
"Ukraine","2018","US$","2958.4919267881637"
"Ukraine","2019","US$","3498.9048301275566"
"Ukraine","2020","US$","3557.477355642111"
"United Arab Emirates","2015","US$","38663.37155970831"
"United Arab Emirates","2016","US$","38141.856517001"
"United Arab Emirates","2017","US$","40644.80404340493"
"United Arab Emirates","2018","US$","43839.35634914694"
"United Arab Emirates","2019","US$","42701.42993418376"
"United Arab Emirates","2020","US$","36284.547905631036"
"United Kingdom of Great Britain and Northern Ireland","2015","US$","44891.69791299514"
"United Kingdom of Great Britain and Northern Ireland","2016","US$","41069.930592209996"
"United Kingdom of Great Britain and Northern Ireland","2017","US$","40448.36525566878"
"United Kingdom of Great Britain and Northern Ireland","2018","US$","43204.03167954602"
"United Kingdom of Great Britain and Northern Ireland","2019","US$","42627.966539377965"
"United Kingdom of Great Britain and Northern Ireland","2020","US$","40718.22181399121"
"United Republic of Tanzania: Mainland","2015","US$","946.7871096081108"
"United Republic of Tanzania: Mainland","2016","US$","965.3388177740254"
"United Republic of Tanzania: Mainland","2017","US$","1002.821551667117"
"United Republic of Tanzania: Mainland","2018","US$","1041.4758822531282"
"United Republic of Tanzania: Mainland","2019","US$","1082.4205278988627"
"United Republic of Tanzania: Mainland","2020","US$","1114.9962438553948"
"United Republic of Tanzania: Zanzibar","2015","US$","821.2522062735372"
"United Republic of Tanzania: Zanzibar","2016","US$","847.9982193174451"
"United Republic of Tanzania: Zanzibar","2017","US$","943.6601784613279"
"United Republic of Tanzania: Zanzibar","2018","US$","1025.7794472973849"
"United Republic of Tanzania: Zanzibar","2019","US$","1110.8426708676484"
"United Republic of Tanzania: Zanzibar","2020","US$","1031.067039596052"
"United States","2015","US$","56738.0917706778"
"United States","2016","US$","57876.7190770228"
"United States","2017","US$","59921.67470319648"
"United States","2018","US$","62755.71199200333"
"United States","2019","US$","64949.43974838861"
"United States","2020","US$","63122.59414502393"
"Uruguay","2015","US$","16729.369440315182"
"Uruguay","2016","US$","16715.682291780035"
"Uruguay","2017","US$","18690.915595427665"
"Uruguay","2018","US$","18703.912770002364"
"Uruguay","2019","US$","17688.012221465146"
"Uruguay","2020","US$","15438.401394840388"
"Uzbekistan","2015","US$","2646.2522484483993"
"Uzbekistan","2016","US$","2600.9689827025036"
"Uzbekistan","2017","US$","1851.0746771242823"
"Uzbekistan","2018","US$","1551.6761373690415"
"Uzbekistan","2019","US$","1750.2589248212685"
"Uzbekistan","2020","US$","1724.1877480418982"
"Vanuatu","2015","US$","2801.9373206679825"
"Vanuatu","2016","US$","2889.8364754716436"
"Vanuatu","2017","US$","3082.3683637591985"
"Vanuatu","2018","US$","3125.260144751349"
"Vanuatu","2019","US$","3115.357711528834"
"Vanuatu","2020","US$","2783.0296441711107"
"Venezuela (Bolivarian Republic of)","2015","US$","11446.862487317852"
"Venezuela (Bolivarian Republic of)","2016","US$","9665.54970517213"
"Venezuela (Bolivarian Republic of)","2017","US$","8432.288335203446"
"Venezuela (Bolivarian Republic of)","2018","US$","7063.484955082083"
"Venezuela (Bolivarian Republic of)","2019","US$","5264.84274676804"
"Venezuela (Bolivarian Republic of)","2020","US$","3740.28736114037"
"Viet Nam","2015","US$","2085.101637740856"
"Viet Nam","2016","US$","2192.1747783543915"
"Viet Nam","2017","US$","2365.521493559254"
"Viet Nam","2018","US$","2566.447346415306"
"Viet Nam","2019","US$","2715.275874243659"
"Viet Nam","2020","US$","2785.7242253139952"
"Western Africa","2015","US$","1948.6913475641466"
"Western Africa","2016","US$","1685.2061422761253"
"Western Africa","2017","US$","1607.843089998308"
"Western Africa","2018","US$","1753.5859997175037"
"Western Africa","2019","US$","1853.2070590248895"
"Western Africa","2020","US$","1715.2997505588146"
"Western Asia","2015","US$","11529.326118516323"
"Western Asia","2016","US$","11233.840557542493"
"Western Asia","2017","US$","11650.796758154574"
"Western Asia","2018","US$","12151.182169886784"
"Western Asia","2019","US$","12011.559261949275"
"Western Asia","2020","US$","10614.414184918827"
"Western Europe","2015","US$","42107.318632088354"
"Western Europe","2016","US$","42862.0847051944"
"Western Europe","2017","US$","45000.17599245303"
"Western Europe","2018","US$","48242.43455766227"
"Western Europe","2019","US$","47150.242851801566"
"Western Europe","2020","US$","46298.072802108654"
"World","2015","US$","10183.351506481424"
"World","2016","US$","10232.198580211727"
"World","2017","US$","10764.727926845222"
"World","2018","US$","11319.302401509009"
"World","2019","US$","11374.853086053756"
"World","2020","US$","10951.886852767615"
"Yemen","2015","US$","1006.1290652500525"
"Yemen","2016","US$","811.1440991436639"
"Yemen","2017","US$","745.0876766750529"
"Yemen","2018","US$","803.6489638113123"
"Yemen","2019","US$","865.7261383356177"
"Yemen","2020","US$","937.3827450953326"
"Zambia","2015","US$","1313.5896172980044"
"Zambia","2016","US$","1311.0104280431417"
"Zambia","2017","US$","1534.8746274682321"
"Zambia","2018","US$","1516.391627619701"
"Zambia","2019","US$","1305.060259598233"
"Zambia","2020","US$","985.1327876282385"
"Zimbabwe","2015","US$","1445.0710630737894"
"Zimbabwe","2016","US$","1464.5896859453992"
"Zimbabwe","2017","US$","1548.1863676672688"
"Zimbabwe","2018","US$","1683.7657684481026"
"Zimbabwe","2019","US$","1497.738092493869"
"Zimbabwe","2020","US$","1465.8450542437006"