"Country/Area","Year","Unit","GDP, at constant 2015 prices - US Dollars"
"Afghanistan","2015","US$","18713048410.19328"
"Afghanistan","2016","US$","19002848892.241478"
"Afghanistan","2017","US$","19505854910.95261"
"Afghanistan","2018","US$","19737824024.35478"
"Afghanistan","2019","US$","20509889423.6369"
"Afghanistan","2020","US$","20113068544.606102"
"Africa","2015","US$","2358403504828.358"
"Africa","2016","US$","2400217403094.755"
"Africa","2017","US$","2486100816730.6147"
"Africa","2018","US$","2567021600020.614"
"Africa","2019","US$","2623699271278.486"
"Africa","2020","US$","2553524691481.4873"
"Albania","2015","US$","11386924852.73626"
"Albania","2016","US$","11764400522.526468"
"Albania","2017","US$","12211706324.710278"
"Albania","2018","US$","12702537306.387932"
"Albania","2019","US$","12970996111.919558"
"Albania","2020","US$","12541496766.307741"
"Algeria","2015","US$","165979118790.53986"
"Algeria","2016","US$","171290450591.83676"
"Algeria","2017","US$","173517226449.53006"
"Algeria","2018","US$","175599433166.91867"
"Algeria","2019","US$","177004228632.25693"
"Algeria","2020","US$","168331021429.27634"
"Americas","2015","US$","25281355352708.965"
"Americas","2016","US$","25533698894158.72"
"Americas","2017","US$","26051758393886.3"
"Americas","2018","US$","26679218366258.2"
"Americas","2019","US$","27144862696170.08"
"Americas","2020","US$","25971142836420.617"
"Andorra","2015","US$","2788757748.7422442"
"Andorra","2016","US$","2892210740.8418307"
"Andorra","2017","US$","2902219066.4315"
"Andorra","2018","US$","2948332112.5410585"
"Andorra","2019","US$","3007754381.255667"
"Andorra","2020","US$","2648246726.231476"
"Angola","2015","US$","116193647513.08606"
"Angola","2016","US$","113196073415.58385"
"Angola","2017","US$","113029182119.63837"
"Angola","2018","US$","110764534415.83255"
"Angola","2019","US$","110072650045.56818"
"Angola","2020","US$","105625153612.93173"
"Anguilla","2015","US$","330533333.3333333"
"Anguilla","2016","US$","322443733.999612"
"Anguilla","2017","US$","301093573.34506893"
"Anguilla","2018","US$","326807612.9905405"
"Anguilla","2019","US$","344873133.54438466"
"Anguilla","2020","US$","241852742.9574632"
"Antigua and Barbuda","2015","US$","1336692592.5925925"
"Antigua and Barbuda","2016","US$","1410163355.621698"
"Antigua and Barbuda","2017","US$","1454503449.7303154"
"Antigua and Barbuda","2018","US$","1554626242.8788064"
"Antigua and Barbuda","2019","US$","1630215842.302403"
"Antigua and Barbuda","2020","US$","1301103248.3731732"
"Argentina","2015","US$","644903200498.5957"
"Argentina","2016","US$","631487099619.0536"
"Argentina","2017","US$","649285582293.8281"
"Argentina","2018","US$","632629122424.2926"
"Argentina","2019","US$","619419732315.6628"
"Argentina","2020","US$","558064753110.7072"
"Armenia","2015","US$","10553337527.774534"
"Armenia","2016","US$","10571472635.55555"
"Armenia","2017","US$","11367422952.79062"
"Armenia","2018","US$","11958811979.879915"
"Armenia","2019","US$","12871303745.865238"
"Armenia","2020","US$","11918910895.967428"
"Aruba","2015","US$","2962905027.9329605"
"Aruba","2016","US$","2997507853.3179297"
"Aruba","2017","US$","3074365531.363743"
"Aruba","2018","US$","3065054781.825659"
"Aruba","2019","US$","3043599398.599453"
"Aruba","2020","US$","2364254561.8867493"
"Asia","2015","US$","26810078114334.2"
"Asia","2016","US$","28134092661978.605"
"Asia","2017","US$","29548481560684.63"
"Asia","2018","US$","30923997607313.99"
"Asia","2019","US$","32081286701789.83"
"Asia","2020","US$","31750403831374.402"
"Australia","2015","US$","1247634399290.8735"
"Australia","2016","US$","1276337608824.5757"
"Australia","2017","US$","1313980452319.3408"
"Australia","2018","US$","1342374995623.5352"
"Australia","2019","US$","1338551384112.3516"
"Australia","2020","US$","1357719625710.0383"
"Australia and New Zealand","2015","US$","1425698870428.7944"
"Australia and New Zealand","2016","US$","1461151036097.1138"
"Australia and New Zealand","2017","US$","1506932257859.863"
"Australia and New Zealand","2018","US$","1543364541894.0264"
"Australia and New Zealand","2019","US$","1543812174728.8179"
"Australia and New Zealand","2020","US$","1562430420479.2148"
"Austria","2015","US$","381817565893.57385"
"Austria","2016","US$","389413586441.66754"
"Austria","2017","US$","398208774353.47473"
"Austria","2018","US$","408170345615.0195"
"Austria","2019","US$","414257026093.42346"
"Austria","2020","US$","386358828359.9797"
"Azerbaijan","2015","US$","53076244754.50367"
"Azerbaijan","2016","US$","51450201741.02217"
"Azerbaijan","2017","US$","51529236786.64604"
"Azerbaijan","2018","US$","52302382334.99379"
"Azerbaijan","2019","US$","53599560702.85217"
"Azerbaijan","2020","US$","51289425461.137436"
"Bahamas","2015","US$","11890632576"
"Bahamas","2016","US$","11901472473.365246"
"Bahamas","2017","US$","12094865382.368494"
"Bahamas","2018","US$","12429536217.822357"
"Bahamas","2019","US$","12516850094.356018"
"Bahamas","2020","US$","10700099046.275188"
"Bahrain","2015","US$","31050638297.87234"
"Bahrain","2016","US$","32155468615.162624"
"Bahrain","2017","US$","33535449059.107357"
"Bahrain","2018","US$","34112362153.208088"
"Bahrain","2019","US$","34791094277.56585"
"Bahrain","2020","US$","32914165632.62021"
"Bangladesh","2015","US$","194465981064.67563"
"Bangladesh","2016","US$","208299298158.46173"
"Bangladesh","2017","US$","223472202498.56625"
"Bangladesh","2018","US$","241045429534.44632"
"Bangladesh","2019","US$","260697102060.9492"
"Bangladesh","2020","US$","274358199643.73837"
"Barbados","2015","US$","4715005000"
"Barbados","2016","US$","4833959461.788883"
"Barbados","2017","US$","4855130105.02978"
"Barbados","2018","US$","4826434160.080863"
"Barbados","2019","US$","4764119722.859333"
"Barbados","2020","US$","3925634651.886501"
"Belarus","2015","US$","56454777259.768295"
"Belarus","2016","US$","55063942761.020325"
"Belarus","2017","US$","56465321235.431366"
"Belarus","2018","US$","58243978042.0945"
"Belarus","2019","US$","59086421938.16262"
"Belarus","2020","US$","58531097684.2757"
"Belgium","2015","US$","462149679343.8219"
"Belgium","2016","US$","468003666521.40393"
"Belgium","2017","US$","475583361606.5164"
"Belgium","2018","US$","484235191546.5194"
"Belgium","2019","US$","494644115983.88763"
"Belgium","2020","US$","466648941451.3215"
"Belize","2015","US$","1734320479"
"Belize","2016","US$","1731103640.4827483"
"Belize","2017","US$","1768012333.085545"
"Belize","2018","US$","1804193150.9745054"
"Belize","2019","US$","1839545680.4395752"
"Belize","2020","US$","1531454017.4299126"
"Benin","2015","US$","11379544643.204834"
"Benin","2016","US$","11759584271.687542"
"Benin","2017","US$","12426536378.970041"
"Benin","2018","US$","13258773036.529058"
"Benin","2019","US$","14169078844.039124"
"Benin","2020","US$","14451966076.659058"
"Bermuda","2015","US$","6654543000"
"Bermuda","2016","US$","6610808819.852771"
"Bermuda","2017","US$","6849552700.81995"
"Bermuda","2018","US$","6819908779.681532"
"Bermuda","2019","US$","6851269667.819776"
"Bermuda","2020","US$","6901963393.352095"
"Bhutan","2015","US$","2003596257.6718912"
"Bhutan","2016","US$","2166431643.8821874"
"Bhutan","2017","US$","2267207548.559"
"Bhutan","2018","US$","2336474468.9227695"
"Bhutan","2019","US$","2464151366.165597"
"Bhutan","2020","US$","2444020159.461864"
"Bolivia (Plurinational State of)","2015","US$","33000198248.19103"
"Bolivia (Plurinational State of)","2016","US$","34407300469.24514"
"Bolivia (Plurinational State of)","2017","US$","35850757953.62234"
"Bolivia (Plurinational State of)","2018","US$","37364958855.91354"
"Bolivia (Plurinational State of)","2019","US$","38193230057.14683"
"Bolivia (Plurinational State of)","2020","US$","34820961246.72929"
"Bosnia and Herzegovina","2015","US$","16211618367.740124"
"Bosnia and Herzegovina","2016","US$","16722253115.321175"
"Bosnia and Herzegovina","2017","US$","17252588501.155968"
"Bosnia and Herzegovina","2018","US$","17897847900.013947"
"Bosnia and Herzegovina","2019","US$","18404536224.59263"
"Bosnia and Herzegovina","2020","US$","17609734248.39578"
"Botswana","2015","US$","14420571191.715553"
"Botswana","2016","US$","15041199891.953089"
"Botswana","2017","US$","15477991965.20923"
"Botswana","2018","US$","16171223904.132513"
"Botswana","2019","US$","16660555862.70749"
"Botswana","2020","US$","15345529780.57889"
"Brazil","2015","US$","1802211999555.591"
"Brazil","2016","US$","1743173031974.4348"
"Brazil","2017","US$","1766232928570.5505"
"Brazil","2018","US$","1797736638245.7004"
"Brazil","2019","US$","1823105415314.6323"
"Brazil","2020","US$","1749104607616.234"
"British Virgin Islands","2015","US$","1279140000"
"British Virgin Islands","2016","US$","1364144390.4753032"
"British Virgin Islands","2017","US$","1358856673.1327987"
"British Virgin Islands","2018","US$","1358661634.378362"
"British Virgin Islands","2019","US$","1381913746.1844628"
"British Virgin Islands","2020","US$","1405804717.1826584"
"Brunei Darussalam","2015","US$","12930298314.133038"
"Brunei Darussalam","2016","US$","12609896155.08258"
"Brunei Darussalam","2017","US$","12777450325.756758"
"Brunei Darussalam","2018","US$","12784138872.26931"
"Brunei Darussalam","2019","US$","13278737282.527636"
"Brunei Darussalam","2020","US$","13426605503.793825"
"Bulgaria","2015","US$","50782022217.18432"
"Bulgaria","2016","US$","52325663114.939926"
"Bulgaria","2017","US$","53771026978.00953"
"Bulgaria","2018","US$","55214520516.889595"
"Bulgaria","2019","US$","57443890274.31422"
"Bulgaria","2020","US$","54923713443.663574"
"Burkina Faso","2015","US$","11823207030.166265"
"Burkina Faso","2016","US$","12527630951.10783"
"Burkina Faso","2017","US$","13304781210.61101"
"Burkina Faso","2018","US$","14200357381.099306"
"Burkina Faso","2019","US$","15009697510.342442"
"Burkina Faso","2020","US$","15313251335.65156"
"Burundi","2015","US$","2810531639.556848"
"Burundi","2016","US$","2900467481.4635057"
"Burundi","2017","US$","3011624747.86993"
"Burundi","2018","US$","3171441257.5963426"
"Burundi","2019","US$","3312889289.82089"
"Burundi","2020","US$","3278434243.7851505"
"Cabo Verde","2015","US$","1596152976.3306305"
"Cabo Verde","2016","US$","1671259945.9171193"
"Cabo Verde","2017","US$","1733130644.3987632"
"Cabo Verde","2018","US$","1811661596.0866077"
"Cabo Verde","2019","US$","1914342090.7504318"
"Cabo Verde","2020","US$","1631337145.688388"
"Cambodia","2015","US$","18049953905.721836"
"Cambodia","2016","US$","19292235657.72262"
"Cambodia","2017","US$","20644054492.069584"
"Cambodia","2018","US$","22179853121.8653"
"Cambodia","2019","US$","23744443678.516342"
"Cambodia","2020","US$","22998622438.00542"
"Cameroon","2015","US$","30905253106.212955"
"Cameroon","2016","US$","32341878095.106373"
"Cameroon","2017","US$","33489719589.055683"
"Cameroon","2018","US$","34850235040.53962"
"Cameroon","2019","US$","36146911716.19606"
"Cameroon","2020","US$","35589759070.00266"
"Canada","2015","US$","1556128742617.2236"
"Canada","2016","US$","1571711729119.014"
"Canada","2017","US$","1619489882673.051"
"Canada","2018","US$","1658836160033.3777"
"Canada","2019","US$","1689713990853.0872"
"Canada","2020","US$","1599940420083.6636"
"Caribbean","2015","US$","352900710509.3361"
"Caribbean","2016","US$","356382533129.5269"
"Caribbean","2017","US$","358799794132.83057"
"Caribbean","2018","US$","363309809816.9452"
"Caribbean","2019","US$","369113839209.0555"
"Caribbean","2020","US$","340279682010.4741"
"Cayman Islands","2015","US$","4784704390.243902"
"Cayman Islands","2016","US$","4939726341.463414"
"Cayman Islands","2017","US$","5097010121.95122"
"Cayman Islands","2018","US$","5310795853.658537"
"Cayman Islands","2019","US$","5513514024.390244"
"Cayman Islands","2020","US$","5703872062.195122"
"Central African Republic","2015","US$","1694542946.1200113"
"Central African Republic","2016","US$","1775039105.0713136"
"Central African Republic","2017","US$","1855400063.7556436"
"Central African Republic","2018","US$","1925709402.591597"
"Central African Republic","2019","US$","1982908415.6847172"
"Central African Republic","2020","US$","2002133734.2002878"
"Central America","2015","US$","1403498818711.7869"
"Central America","2016","US$","1443034335794.5464"
"Central America","2017","US$","1478286720328.286"
"Central America","2018","US$","1511884987328.4553"
"Central America","2019","US$","1517905584542.7021"
"Central America","2020","US$","1393419148086.9622"
"Central Asia","2015","US$","317237025734.2085"
"Central Asia","2016","US$","323430989581.18524"
"Central Asia","2017","US$","336219726306.12665"
"Central Asia","2018","US$","350577249917.632"
"Central Asia","2019","US$","363631851201.2805"
"Central Asia","2020","US$","358756582734.86206"
"Chad","2015","US$","11690460036.736483"
"Chad","2016","US$","10942270594.386051"
"Chad","2017","US$","10679656100.121662"
"Chad","2018","US$","10925566133.580563"
"Chad","2019","US$","11248967895.977383"
"Chad","2020","US$","11156625439.32203"
"Chile","2015","US$","243919085308.94537"
"Chile","2016","US$","248092758650.69467"
"Chile","2017","US$","251031528290.6752"
"Chile","2018","US$","260354485741.51407"
"Chile","2019","US$","262807038813.03775"
"Chile","2020","US$","247639126182.24023"
"China (mainland)","2015","US$","11061569698044.299"
"China (mainland)","2016","US$","11819150944351.947"
"China (mainland)","2017","US$","12640250553506.383"
"China (mainland)","2018","US$","13493438529653.621"
"China (mainland)","2019","US$","14296365489593.346"
"China (mainland)","2020","US$","14631982220981.568"
"China, Hong Kong SAR","2015","US$","309385622601.3481"
"China, Hong Kong SAR","2016","US$","316097552538.99756"
"China, Hong Kong SAR","2017","US$","328080982454.0977"
"China, Hong Kong SAR","2018","US$","337419676801.5256"
"China, Hong Kong SAR","2019","US$","333204071611.06024"
"China, Hong Kong SAR","2020","US$","312738731227.1963"
"China, Macao Special Administrative Region","2015","US$","45060461320.38327"
"China, Macao Special Administrative Region","2016","US$","44756544070.34934"
"China, Macao Special Administrative Region","2017","US$","49224276681.08955"
"China, Macao Special Administrative Region","2018","US$","52407210868.16688"
"China, Macao Special Administrative Region","2019","US$","51029437382.347275"
"China, Macao Special Administrative Region","2020","US$","22295672118.671677"
"Colombia","2015","US$","293481753078.873"
"Colombia","2016","US$","299607839838.1123"
"Colombia","2017","US$","303680591569.99457"
"Colombia","2018","US$","311467946721.7049"
"Colombia","2019","US$","321687573862.30414"
"Colombia","2020","US$","299660614919.3963"
"Comoros","2015","US$","965640688.732038"
"Comoros","2016","US$","992487706.7749647"
"Comoros","2017","US$","1048029199.8160398"
"Comoros","2018","US$","1090575055.429367"
"Comoros","2019","US$","1130088969.4029505"
"Comoros","2020","US$","1173780305.0745323"
"Congo","2015","US$","11750612893.157536"
"Congo","2016","US$","10553180159.632715"
"Congo","2017","US$","10064242082.529232"
"Congo","2018","US$","9439855796.875404"
"Congo","2019","US$","9399156086.425167"
"Congo","2020","US$","8631322630.537094"
"Cook Islands","2015","US$","302173463.27516174"
"Cook Islands","2016","US$","316998165.8662915"
"Cook Islands","2017","US$","347178282.95410717"
"Cook Islands","2018","US$","366840942.91311485"
"Cook Islands","2019","US$","384361095.95633966"
"Cook Islands","2020","US$","286858019.7080276"
"Costa Rica","2015","US$","56441920823.79687"
"Costa Rica","2016","US$","58814921624.74471"
"Costa Rica","2017","US$","61260269011.15373"
"Costa Rica","2018","US$","62519904335.05323"
"Costa Rica","2019","US$","63875305730.51469"
"Costa Rica","2020","US$","60975388621.18812"
"Croatia","2015","US$","50163190861.88039"
"Croatia","2016","US$","51935174203.97135"
"Croatia","2017","US$","53708294853.51972"
"Croatia","2018","US$","55265837416.43114"
"Croatia","2019","US$","57190161634.35455"
"Croatia","2020","US$","52557879198.62837"
"Cuba","2015","US$","87205671392.82733"
"Cuba","2016","US$","87653700530.25836"
"Cuba","2017","US$","89239403655.9518"
"Cuba","2018","US$","91245934150.01794"
"Cuba","2019","US$","91095524368.16609"
"Cuba","2020","US$","81122075748.13872"
"Curaçao","2015","US$","3151910754.7486033"
"Curaçao","2016","US$","3123777608.2889853"
"Curaçao","2017","US$","3069450029.784856"
"Curaçao","2018","US$","3002938564.594497"
"Curaçao","2019","US$","2901685309.3554854"
"Curaçao","2020","US$","2366669092.472048"
"Cyprus","2015","US$","19834550268.813374"
"Cyprus","2016","US$","21114729305.523987"
"Cyprus","2017","US$","22350449962.769047"
"Cyprus","2018","US$","23622848783.073185"
"Cyprus","2019","US$","24870906640.619938"
"Cyprus","2020","US$","23570387895.303833"
"Czechia","2015","US$","188033050459.8811"
"Czechia","2016","US$","192803983942.2735"
"Czechia","2017","US$","202769490319.63007"
"Czechia","2018","US$","209255388993.34317"
"Czechia","2019","US$","215594735504.8529"
"Czechia","2020","US$","203104100818.131"
"Côte d'Ivoire","2015","US$","45779974485.78597"
"Côte d'Ivoire","2016","US$","49067085550.98691"
"Côte d'Ivoire","2017","US$","52678645517.28207"
"Côte d'Ivoire","2018","US$","56308362134.34309"
"Côte d'Ivoire","2019","US$","59817368129.18391"
"Côte d'Ivoire","2020","US$","61010604988.62486"
"Democratic People's Republic of Korea","2015","US$","16282601357.203903"
"Democratic People's Republic of Korea","2016","US$","16912504170.080835"
"Democratic People's Republic of Korea","2017","US$","16323526437.735096"
"Democratic People's Republic of Korea","2018","US$","15646450076.32561"
"Democratic People's Republic of Korea","2019","US$","15701732323.79826"
"Democratic People's Republic of Korea","2020","US$","14990074746.32592"
"Democratic Republic of the Congo","2015","US$","37917678437.72589"
"Democratic Republic of the Congo","2016","US$","38827767375.198296"
"Democratic Republic of the Congo","2017","US$","40264232076.506096"
"Democratic Republic of the Congo","2018","US$","42593567816.46926"
"Democratic Republic of the Congo","2019","US$","44487536686.34427"
"Democratic Republic of the Congo","2020","US$","45259582493.157364"
"Denmark","2015","US$","302673070846.85724"
"Denmark","2016","US$","312497708493.6332"
"Denmark","2017","US$","321315569972.0806"
"Denmark","2018","US$","327708263158.64734"
"Denmark","2019","US$","334638192400.6114"
"Denmark","2020","US$","327737534774.8088"
"Djibouti","2015","US$","2445484583.2039165"
"Djibouti","2016","US$","2608178442.215407"
"Djibouti","2017","US$","2748947275.090586"
"Djibouti","2018","US$","2980226214.5284796"
"Djibouti","2019","US$","3175886479.7449265"
"Djibouti","2020","US$","3212831287.9746175"
"Dominica","2015","US$","540737037.037037"
"Dominica","2016","US$","555681105.2474403"
"Dominica","2017","US$","518054969.40646136"
"Dominica","2018","US$","537309039.6440817"
"Dominica","2019","US$","566874380.5544112"
"Dominica","2020","US$","475850593.01547444"
"Dominican Republic","2015","US$","71155035229.06207"
"Dominican Republic","2016","US$","75893391521.20258"
"Dominican Republic","2017","US$","79435111972.25713"
"Dominican Republic","2018","US$","84981690577.42497"
"Dominican Republic","2019","US$","89275108373.9368"
"Dominican Republic","2020","US$","83275607389.21576"
"Eastern Africa","2015","US$","324886384006.5776"
"Eastern Africa","2016","US$","339861606673.4624"
"Eastern Africa","2017","US$","359274892158.93616"
"Eastern Africa","2018","US$","379850285300.62933"
"Eastern Africa","2019","US$","399792497043.2889"
"Eastern Africa","2020","US$","402791410483.5539"
"Eastern Asia","2015","US$","17889266849243.023"
"Eastern Asia","2016","US$","18742297699649.12"
"Eastern Asia","2017","US$","19720683507379.99"
"Eastern Asia","2018","US$","20673050595107.465"
"Eastern Asia","2019","US$","21536645888122.81"
"Eastern Asia","2020","US$","21615669745687.27"
"Eastern Europe","2015","US$","2626882477136.4717"
"Eastern Europe","2016","US$","2664836804600.559"
"Eastern Europe","2017","US$","2750851677061.2456"
"Eastern Europe","2018","US$","2850502149057.786"
"Eastern Europe","2019","US$","2935977138790.8066"
"Eastern Europe","2020","US$","2838390042891.157"
"Ecuador","2015","US$","99290381000"
"Ecuador","2016","US$","98072699669.12917"
"Ecuador","2017","US$","100395440274.1073"
"Ecuador","2018","US$","101689830586.56581"
"Ecuador","2019","US$","101702140245.14394"
"Ecuador","2020","US$","93820098898.98473"
"Egypt","2015","US$","317744560653.81604"
"Egypt","2016","US$","331555343377.1674"
"Egypt","2017","US$","345418884604.5074"
"Egypt","2018","US$","363774862218.6489"
"Egypt","2019","US$","383992319124.4632"
"Egypt","2020","US$","397699575726.7804"
"El Salvador","2015","US$","23438237940"
"El Salvador","2016","US$","24034064445.545124"
"El Salvador","2017","US$","24575566296.1767"
"El Salvador","2018","US$","25168444697.97632"
"El Salvador","2019","US$","25831233211.16389"
"El Salvador","2020","US$","23779644375.8309"
"Equatorial Guinea","2015","US$","13175520651.919365"
"Equatorial Guinea","2016","US$","12013910450.027168"
"Equatorial Guinea","2017","US$","11333022306.904968"
"Equatorial Guinea","2018","US$","10626233376.594433"
"Equatorial Guinea","2019","US$","9990896592.377537"
"Equatorial Guinea","2020","US$","9502008198.245115"
"Eritrea","2015","US$","2013196747.9674795"
"Eritrea","2016","US$","2161993275.003169"
"Eritrea","2017","US$","1945475637.491588"
"Eritrea","2018","US$","2199013524.569104"
"Eritrea","2019","US$","2283365661.19852"
"Eritrea","2020","US$","2269057082.6363325"
"Estonia","2015","US$","22881558191.852276"
"Estonia","2016","US$","23603600591.136955"
"Estonia","2017","US$","24970731682.205086"
"Estonia","2018","US$","26002976732.269024"
"Estonia","2019","US$","27068147756.85659"
"Estonia","2020","US$","26269347954.890503"
"Ethiopia","2015","US$","63078657756.08619"
"Ethiopia","2016","US$","67848521961.22103"
"Ethiopia","2017","US$","74337683279.67668"
"Ethiopia","2018","US$","79404663579.80963"
"Ethiopia","2019","US$","86046122604.23006"
"Ethiopia","2020","US$","91257607383.37659"
"Europe","2015","US$","19212558385655.82"
"Europe","2016","US$","19577116851322.312"
"Europe","2017","US$","20082255878976.11"
"Europe","2018","US$","20501148111937.09"
"Europe","2019","US$","20866668072495.61"
"Europe","2020","US$","19603980651374.74"
"Fiji","2015","US$","4682442417.293752"
"Fiji","2016","US$","4799959784.780081"
"Fiji","2017","US$","5060372024.359422"
"Fiji","2018","US$","5238258571.07357"
"Fiji","2019","US$","5214930787.992812"
"Fiji","2020","US$","4394904070.31483"
"Finland","2015","US$","234440080998.27307"
"Finland","2016","US$","241031264863.60287"
"Finland","2017","US$","248725970173.65805"
"Finland","2018","US$","251566290193.70007"
"Finland","2019","US$","254946725734.92926"
"Finland","2020","US$","247627994062.82574"
"France","2015","US$","2438207896251.8413"
"France","2016","US$","2464917595622.749"
"France","2017","US$","2521399210024.0044"
"France","2018","US$","2568424971674.6826"
"France","2019","US$","2615760319963.4575"
"France","2020","US$","2410285649215.0522"
"French Polynesia","2015","US$","5323704929.989491"
"French Polynesia","2016","US$","5446263313.222165"
"French Polynesia","2017","US$","5680054314.790459"
"French Polynesia","2018","US$","5865665365.909385"
"French Polynesia","2019","US$","6039877088.453842"
"French Polynesia","2020","US$","5580853946.115937"
"Gabon","2015","US$","14372290378.657764"
"Gabon","2016","US$","14672793841.1578"
"Gabon","2017","US$","14742140794.042423"
"Gabon","2018","US$","14866320221.300936"
"Gabon","2019","US$","15452812667.790272"
"Gabon","2020","US$","15335084119.869864"
"Gambia","2015","US$","1378176605.9605782"
"Gambia","2016","US$","1404959534.96582"
"Gambia","2017","US$","1472715271.0537326"
"Gambia","2018","US$","1579264606.8982828"
"Gambia","2019","US$","1745627145.9421525"
"Gambia","2020","US$","1637687659.9545896"
"Georgia","2015","US$","14953675992.670393"
"Georgia","2016","US$","15388207299.47376"
"Georgia","2017","US$","16133533587.200375"
"Georgia","2018","US$","16914817439.712667"
"Georgia","2019","US$","17757577169.149616"
"Georgia","2020","US$","16663768493.946457"
"Germany","2015","US$","3356235704119.753"
"Germany","2016","US$","3431079755885.3564"
"Germany","2017","US$","3523040623050.772"
"Germany","2018","US$","3561301707859.6035"
"Germany","2019","US$","3598891541091.344"
"Germany","2020","US$","3434435991589.476"
"Ghana","2015","US$","50033911736.42491"
"Ghana","2016","US$","51721788599.52223"
"Ghana","2017","US$","55926198443.406204"
"Ghana","2018","US$","59393666185.98681"
"Ghana","2019","US$","63258872219.21041"
"Ghana","2020","US$","63521044483.408"
"Greece","2015","US$","195604861153.8869"
"Greece","2016","US$","194651912160.36063"
"Greece","2017","US$","196777790215.7518"
"Greece","2018","US$","200060872984.22067"
"Greece","2019","US$","203669149659.11536"
"Greece","2020","US$","185299958307.81882"
"Greenland","2015","US$","2499113085.482547"
"Greenland","2016","US$","2616123674.4501266"
"Greenland","2017","US$","2617492339.845499"
"Greenland","2018","US$","2665809983.5481424"
"Greenland","2019","US$","2710569801.1513696"
"Greenland","2020","US$","2742803554.824621"
"Grenada","2015","US$","997007407.4074073"
"Grenada","2016","US$","1034291535.8551227"
"Grenada","2017","US$","1080200382.6086307"
"Grenada","2018","US$","1127314465.8234375"
"Grenada","2019","US$","1134940682.4392323"
"Grenada","2020","US$","978821466.790204"
"Guatemala","2015","US$","62186064755.19004"
"Guatemala","2016","US$","63851284889.85699"
"Guatemala","2017","US$","65817809506.78523"
"Guatemala","2018","US$","68004341801.24685"
"Guatemala","2019","US$","70633972045.69269"
"Guatemala","2020","US$","69560810245.8744"
"Guinea","2015","US$","8794202415.763079"
"Guinea","2016","US$","9745789748.660769"
"Guinea","2017","US$","10749606173.947813"
"Guinea","2018","US$","11433119014.742039"
"Guinea","2019","US$","12078652987.262995"
"Guinea","2020","US$","12934606992.397572"
"Guinea-Bissau","2015","US$","1047436699.198114"
"Guinea-Bissau","2016","US$","1113037887.2741606"
"Guinea-Bissau","2017","US$","1178918747.0880163"
"Guinea-Bissau","2018","US$","1218507316.3054595"
"Guinea-Bissau","2019","US$","1273340145.5395226"
"Guinea-Bissau","2020","US$","1255513383.5012758"
"Guyana","2015","US$","4279840193.704601"
"Guyana","2016","US$","4442793237.239929"
"Guyana","2017","US$","4608708975.078156"
"Guyana","2018","US$","4813377725.773478"
"Guyana","2019","US$","5071015565.103901"
"Guyana","2020","US$","7275891520.328277"
"Haiti","2015","US$","14227616358.967693"
"Haiti","2016","US$","14555822763.844883"
"Haiti","2017","US$","14921221431.331951"
"Haiti","2018","US$","15170082443.57923"
"Haiti","2019","US$","14914515388.683191"
"Haiti","2020","US$","14415871571.384682"
"Honduras","2015","US$","20979791685.416042"
"Honduras","2016","US$","21796551215.56543"
"Honduras","2017","US$","22852116284.635612"
"Honduras","2018","US$","23730778960.538155"
"Honduras","2019","US$","24360372249.142216"
"Honduras","2020","US$","22176523297.065758"
"Hungary","2015","US$","125210324613.14026"
"Hungary","2016","US$","127954885306.93709"
"Hungary","2017","US$","133416713057.01987"
"Hungary","2018","US$","140567177109.71692"
"Hungary","2019","US$","146968695014.00662"
"Hungary","2020","US$","140096898857.09683"
"Iceland","2015","US$","17517210519.091156"
"Iceland","2016","US$","18621440660.001873"
"Iceland","2017","US$","19402600566.927147"
"Iceland","2018","US$","20351810853.238323"
"Iceland","2019","US$","20847341424.885616"
"Iceland","2020","US$","19491448632.0679"
"India","2015","US$","2146758593732.4001"
"India","2016","US$","2324001535108.0757"
"India","2017","US$","2481926350075.4106"
"India","2018","US$","2644070325797.3403"
"India","2019","US$","2750931860743.8237"
"India","2020","US$","2551440600108.8276"
"Indonesia","2015","US$","860854232717.8527"
"Indonesia","2016","US$","904181621812.6613"
"Indonesia","2017","US$","950021694197.9585"
"Indonesia","2018","US$","999178586345.7434"
"Indonesia","2019","US$","1049318963647.4799"
"Indonesia","2020","US$","1027602851250.8638"
"Iran, Islamic Republic of","2015","US$","417210198857.4577"
"Iran, Islamic Republic of","2016","US$","453987639368.16504"
"Iran, Islamic Republic of","2017","US$","466510912215.36835"
"Iran, Islamic Republic of","2018","US$","455996392528.36707"
"Iran, Islamic Republic of","2019","US$","425060619008.06714"
"Iran, Islamic Republic of","2020","US$","439462660450.5155"
"Iraq","2015","US$","166774104911.4796"
"Iraq","2016","US$","189768033762.66373"
"Iraq","2017","US$","186314766362.90854"
"Iraq","2018","US$","191222082047.36792"
"Iraq","2019","US$","202613807740.22797"
"Iraq","2020","US$","170857957648.9268"
"Ireland","2015","US$","291462799652.79614"
"Ireland","2016","US$","297415147850.67334"
"Ireland","2017","US$","324004099583.7606"
"Ireland","2018","US$","353262192223.20325"
"Ireland","2019","US$","370632118085.16943"
"Ireland","2020","US$","392377013485.3079"
"Israel","2015","US$","300078258565.2419"
"Israel","2016","US$","313470012349.38495"
"Israel","2017","US$","327190469448.13715"
"Israel","2018","US$","340223872904.2497"
"Israel","2019","US$","353062628961.0225"
"Israel","2020","US$","345460166630.9338"
"Italy","2015","US$","1835899237320.0386"
"Italy","2016","US$","1859645909743.7507"
"Italy","2017","US$","1890662182181.2737"
"Italy","2018","US$","1908166139521.4983"
"Italy","2019","US$","1915994931005.0884"
"Italy","2020","US$","1744731951797.3958"
"Jamaica","2015","US$","14197703107.252613"
"Jamaica","2016","US$","14392964859.904879"
"Jamaica","2017","US$","14536467508.305466"
"Jamaica","2018","US$","14811198347.744457"
"Jamaica","2019","US$","14943367189.533766"
"Jamaica","2020","US$","13419138536.396027"
"Japan","2015","US$","4444930651964.18"
"Japan","2016","US$","4478437728053.248"
"Japan","2017","US$","4553466417291.099"
"Japan","2018","US$","4578913522436.894"
"Japan","2019","US$","4591290538388.832"
"Japan","2020","US$","4380756530543.753"
"Jordan","2015","US$","38587017943.66197"
"Jordan","2016","US$","39356512854.02967"
"Jordan","2017","US$","40178123427.32846"
"Jordan","2018","US$","40954868058.00031"
"Jordan","2019","US$","41755234618.40637"
"Jordan","2020","US$","41107715838.633415"
"Kazakhstan","2015","US$","184388404428.84338"
"Kazakhstan","2016","US$","186416676877.55826"
"Kazakhstan","2017","US$","194059760629.5377"
"Kazakhstan","2018","US$","202016210815.34988"
"Kazakhstan","2019","US$","211106940302.04065"
"Kazakhstan","2020","US$","205829266794.48962"
"Kenya","2015","US$","70120446663.62561"
"Kenya","2016","US$","73074983652.0587"
"Kenya","2017","US$","75863164349.92368"
"Kenya","2018","US$","80133578826.93886"
"Kenya","2019","US$","84125138668.1157"
"Kenya","2020","US$","83859149508.93687"
"Kingdom of Eswatini","2015","US$","4058639148.241402"
"Kingdom of Eswatini","2016","US$","4103313314.9989667"
"Kingdom of Eswatini","2017","US$","4186470202.8052654"
"Kingdom of Eswatini","2018","US$","4285756947.5923624"
"Kingdom of Eswatini","2019","US$","4381925965.722294"
"Kingdom of Eswatini","2020","US$","4137320171.2740264"
"Kiribati","2015","US$","170292247.93661186"
"Kiribati","2016","US$","169477982.28339446"
"Kiribati","2017","US$","169063325.01163825"
"Kiribati","2018","US$","177980007.16477808"
"Kiribati","2019","US$","177019591.98347795"
"Kiribati","2020","US$","176051318.0765965"
"Kosovo","2015","US$","6293312928.061985"
"Kosovo","2016","US$","6643962134.623414"
"Kosovo","2017","US$","6964575762.97472"
"Kosovo","2018","US$","7201833158.833139"
"Kosovo","2019","US$","7544410003.335617"
"Kosovo","2020","US$","7141516681.030729"
"Kuwait","2015","US$","114584570271.71414"
"Kuwait","2016","US$","117938646691.35202"
"Kuwait","2017","US$","112380976259.71082"
"Kuwait","2018","US$","115116342366.93062"
"Kuwait","2019","US$","114481113793.24423"
"Kuwait","2020","US$","104343308855.22112"
"Kyrgyzstan","2015","US$","6678177483.429495"
"Kyrgyzstan","2016","US$","6967733635.105777"
"Kyrgyzstan","2017","US$","7297999837.413001"
"Kyrgyzstan","2018","US$","7572252111.660052"
"Kyrgyzstan","2019","US$","7920623085.115693"
"Kyrgyzstan","2020","US$","7238138556.034456"
"Lao People's Democratic Republic","2015","US$","14390446134.06288"
"Lao People's Democratic Republic","2016","US$","15401100387.152435"
"Lao People's Democratic Republic","2017","US$","16462603340.314737"
"Lao People's Democratic Republic","2018","US$","17491186770.77494"
"Lao People's Democratic Republic","2019","US$","18445865330.219063"
"Lao People's Democratic Republic","2020","US$","19050089134.185627"
"Latin America and the Caribbean","2015","US$","5510049954006.256"
"Latin America and the Caribbean","2016","US$","5443156163706.893"
"Latin America and the Caribbean","2017","US$","5495680383814.181"
"Latin America and the Caribbean","2018","US$","5531319397015.399"
"Latin America and the Caribbean","2019","US$","5520147752626.765"
"Latin America and the Caribbean","2020","US$","5114498621936.914"
"Latvia","2015","US$","27252128626.628056"
"Latvia","2016","US$","27897352624.558502"
"Latvia","2017","US$","28821616714.92259"
"Latvia","2018","US$","29971449461.122776"
"Latvia","2019","US$","30716038078.94999"
"Latvia","2020","US$","29604557971.021206"
"Lebanon","2015","US$","50065946086.169815"
"Lebanon","2016","US$","50858016664.508026"
"Lebanon","2017","US$","51255733475.36795"
"Lebanon","2018","US$","50383271292.75766"
"Lebanon","2019","US$","46777216084.39524"
"Lebanon","2020","US$","35082912063.29662"
"Lesotho","2015","US$","2359686744.791926"
"Lesotho","2016","US$","2445478333.847951"
"Lesotho","2017","US$","2367640503.305072"
"Lesotho","2018","US$","2338681023.4928846"
"Lesotho","2019","US$","2399153434.2366834"
"Lesotho","2020","US$","2242879506.8694687"
"Liberia","2015","US$","2669000000"
"Liberia","2016","US$","2655654999.1576185"
"Liberia","2017","US$","2722046374.9722548"
"Liberia","2018","US$","2755324788.0512924"
"Liberia","2019","US$","2692551736.115302"
"Liberia","2020","US$","2615256049.1973677"
"Libya","2015","US$","48522032948.26492"
"Libya","2016","US$","47801661044.480415"
"Libya","2017","US$","63261062628.450935"
"Libya","2018","US$","68397803603.872055"
"Libya","2019","US$","49192224143.93157"
"Libya","2020","US$","19815281619.49763"
"Liechtenstein","2015","US$","6268513139.702879"
"Liechtenstein","2016","US$","6414715965.865112"
"Liechtenstein","2017","US$","6618215101.084322"
"Liechtenstein","2018","US$","6878703179.671468"
"Liechtenstein","2019","US$","6807228077.237135"
"Liechtenstein","2020","US$","6659160023.698013"
"Lithuania","2015","US$","41418872976.11961"
"Lithuania","2016","US$","42462143259.0298"
"Lithuania","2017","US$","44280625711.65842"
"Lithuania","2018","US$","46048888511.484406"
"Lithuania","2019","US$","48155059559.28632"
"Lithuania","2020","US$","48091287110.44898"
"Luxembourg","2015","US$","60047430684.2639"
"Luxembourg","2016","US$","63036706136.141815"
"Luxembourg","2017","US$","63867017852.488785"
"Luxembourg","2018","US$","65147153745.442085"
"Luxembourg","2019","US$","67286460381.38879"
"Luxembourg","2020","US$","66091291203.41223"
"Madagascar","2015","US$","11323020699.921324"
"Madagascar","2016","US$","11775165455.372225"
"Madagascar","2017","US$","12238318932.476086"
"Madagascar","2018","US$","12629254470.621523"
"Madagascar","2019","US$","13186360201.631907"
"Madagascar","2020","US$","12152899993.085224"
"Malawi","2015","US$","8215964597.239495"
"Malawi","2016","US$","8859754432.034418"
"Malawi","2017","US$","9790068337.378807"
"Malawi","2018","US$","10216294255.57887"
"Malawi","2019","US$","10783894853.625507"
"Malawi","2020","US$","10881335837.09289"
"Malaysia","2015","US$","301354783724.32477"
"Malaysia","2016","US$","314764412855.7795"
"Malaysia","2017","US$","333060794365.84094"
"Malaysia","2018","US$","348947551201.41724"
"Malaysia","2019","US$","363962122204.0423"
"Malaysia","2020","US$","343624848192.8443"
"Maldives","2015","US$","4109416451.917147"
"Maldives","2016","US$","4369883616.851801"
"Maldives","2017","US$","4684948301.610395"
"Maldives","2018","US$","5065512692.578106"
"Maldives","2019","US$","5414206821.267908"
"Maldives","2020","US$","3600452837.6381946"
"Mali","2015","US$","13094849231.942493"
"Mali","2016","US$","14260887961.494085"
"Mali","2017","US$","15220397809.437649"
"Mali","2018","US$","16251209527.09786"
"Mali","2019","US$","17273775283.31077"
"Mali","2020","US$","17255435029.86678"
"Malta","2015","US$","11087007865.815626"
"Malta","2016","US$","11507887362.383411"
"Malta","2017","US$","12768673233.276173"
"Malta","2018","US$","13553115392.391628"
"Malta","2019","US$","14330459531.122042"
"Malta","2020","US$","13142206556.038912"
"Marshall Islands","2015","US$","184247498"
"Marshall Islands","2016","US$","186228256"
"Marshall Islands","2017","US$","192281708"
"Marshall Islands","2018","US$","199155304"
"Marshall Islands","2019","US$","212388550"
"Marshall Islands","2020","US$","207699829"
"Mauritania","2015","US$","6166863960.000609"
"Mauritania","2016","US$","6244622516.09372"
"Mauritania","2017","US$","6463007893.545135"
"Mauritania","2018","US$","6599717807.678359"
"Mauritania","2019","US$","6979856971.641158"
"Mauritania","2020","US$","6856779635.083643"
"Mauritius","2015","US$","11692287066.381035"
"Mauritius","2016","US$","12141031481.500006"
"Mauritius","2017","US$","12604085488.315607"
"Mauritius","2018","US$","13077981201.085028"
"Mauritius","2019","US$","13471928611.229618"
"Mauritius","2020","US$","11465326935.579477"
"Melanesia","2015","US$","36971218417.69908"
"Melanesia","2016","US$","38353017736.814606"
"Melanesia","2017","US$","39658247655.39376"
"Melanesia","2018","US$","39831916838.27571"
"Melanesia","2019","US$","41131356288.129845"
"Melanesia","2020","US$","39214314272.636"
"Mexico","2015","US$","1171870072962.7612"
"Mexico","2016","US$","1202696495205.655"
"Mexico","2017","US$","1228111025257.4465"
"Mexico","2018","US$","1255067964614.2551"
"Mexico","2019","US$","1254383602057.6028"
"Mexico","2020","US$","1150156421772.3967"
"Micronesia","2015","US$","1054207627.0757618"
"Micronesia","2016","US$","1059914981.2952812"
"Micronesia","2017","US$","1071864157.2373459"
"Micronesia","2018","US$","1098094814.7002106"
"Micronesia","2019","US$","1115171268.409437"
"Micronesia","2020","US$","1077088258.811772"
"Micronesia (Federated States of)","2015","US$","316489947"
"Micronesia (Federated States of)","2016","US$","319338948.39217806"
"Micronesia (Federated States of)","2017","US$","327904191.0691419"
"Micronesia (Federated States of)","2018","US$","328598227.7826801"
"Micronesia (Federated States of)","2019","US$","332542332.2927218"
"Micronesia (Federated States of)","2020","US$","326495706.6451725"
"Middle Africa","2015","US$","238018263335.77368"
"Middle Africa","2016","US$","234654425086.0329"
"Middle Africa","2017","US$","235801867022.8635"
"Middle Africa","2018","US$","236346433823.59378"
"Middle Africa","2019","US$","239144087257.09045"
"Middle Africa","2020","US$","233475108858.03574"
"Monaco","2015","US$","6259130741.324886"
"Monaco","2016","US$","6472697077.917569"
"Monaco","2017","US$","6250161555.567905"
"Monaco","2018","US$","6620832082.047724"
"Monaco","2019","US$","7075191698.542729"
"Monaco","2020","US$","6243660452.3241415"
"Mongolia","2015","US$","11749628125.196913"
"Mongolia","2016","US$","11886891885.252308"
"Mongolia","2017","US$","12521310270.116629"
"Mongolia","2018","US$","13428648371.146498"
"Mongolia","2019","US$","14121442863.108873"
"Mongolia","2020","US$","13367985461.295527"
"Montenegro","2015","US$","4053084542.4613333"
"Montenegro","2016","US$","4172621584.806903"
"Montenegro","2017","US$","4369421795.417825"
"Montenegro","2018","US$","4591296113.908411"
"Montenegro","2019","US$","4777838692.012791"
"Montenegro","2020","US$","4051382605.4003596"
"Montserrat","2015","US$","61337037.03703703"
"Montserrat","2016","US$","61138998.173060946"
"Montserrat","2017","US$","60819935.55887725"
"Montserrat","2018","US$","64854060.56579748"
"Montserrat","2019","US$","69419956.59635718"
"Montserrat","2020","US$","65741568.06731993"
"Morocco","2015","US$","101179307796.08336"
"Morocco","2016","US$","104428513306.66151"
"Morocco","2017","US$","110480413517.43126"
"Morocco","2018","US$","114688639318.5773"
"Morocco","2019","US$","118961922445.57492"
"Morocco","2020","US$","112988153782.08995"
"Mozambique","2015","US$","15950978853.172867"
"Mozambique","2016","US$","16560978470.976484"
"Mozambique","2017","US$","17180577270.05857"
"Mozambique","2018","US$","17772244368.40943"
"Mozambique","2019","US$","18183601805.801304"
"Mozambique","2020","US$","17959233303.9863"
"Myanmar","2015","US$","63835168841.0464"
"Myanmar","2016","US$","67505732177.799446"
"Myanmar","2017","US$","71829459016.96196"
"Myanmar","2018","US$","76678278021.15015"
"Myanmar","2019","US$","79111873579.66121"
"Myanmar","2020","US$","81635080575.75427"
"Namibia","2015","US$","11335161746.388136"
"Namibia","2016","US$","11338992211.62996"
"Namibia","2017","US$","11222512348.540182"
"Namibia","2018","US$","11346862980.773148"
"Namibia","2019","US$","11278091695.693703"
"Namibia","2020","US$","10377699479.34139"
"Nauru","2015","US$","104353153.13914995"
"Nauru","2016","US$","107283794.61970869"
"Nauru","2017","US$","110502308.15656573"
"Nauru","2018","US$","104424681.75275251"
"Nauru","2019","US$","110376888.13323724"
"Nauru","2020","US$","111480657.09000318"
"Nepal","2015","US$","23667157888.8393"
"Nepal","2016","US$","23769663596.26076"
"Nepal","2017","US$","25903532698.863094"
"Nepal","2018","US$","27877997386.344353"
"Nepal","2019","US$","29733851124.571934"
"Nepal","2020","US$","29112895712.353413"
"Netherlands","2015","US$","765264949780.9987"
"Netherlands","2016","US$","782037366674.0464"
"Netherlands","2017","US$","804801712034.3336"
"Netherlands","2018","US$","823802397136.8413"
"Netherlands","2019","US$","839912581383.8417"
"Netherlands","2020","US$","808007359760.3193"
"New Caledonia","2015","US$","8734689592.2442"
"New Caledonia","2016","US$","8717220213.064503"
"New Caledonia","2017","US$","8856695736.47235"
"New Caledonia","2018","US$","8847839040.736887"
"New Caledonia","2019","US$","8741664972.239218"
"New Caledonia","2020","US$","8757399969.20229"
"New Zealand","2015","US$","178064471137.9208"
"New Zealand","2016","US$","184813427272.5382"
"New Zealand","2017","US$","192951805540.52213"
"New Zealand","2018","US$","200989546270.49127"
"New Zealand","2019","US$","205260790616.46634"
"New Zealand","2020","US$","204710794769.1764"
"Nicaragua","2015","US$","12756696289.62292"
"Nicaragua","2016","US$","13338803141.50886"
"Nicaragua","2017","US$","13956550800.204475"
"Nicaragua","2018","US$","13487142220.381252"
"Nicaragua","2019","US$","12991589354.03053"
"Nicaragua","2020","US$","12734696769.763899"
"Niger","2015","US$","9676541051.63021"
"Niger","2016","US$","10232061723.043964"
"Niger","2017","US$","10743803974.05148"
"Niger","2018","US$","11518517489.794598"
"Niger","2019","US$","12202878099.864979"
"Niger","2020","US$","12639742173.551767"
"Nigeria","2015","US$","494582603948.9755"
"Nigeria","2016","US$","486585851393.6222"
"Nigeria","2017","US$","490549307395.985"
"Nigeria","2018","US$","500009620671.3367"
"Nigeria","2019","US$","510979231485.62885"
"Nigeria","2020","US$","501810970874.40137"
"Northern Africa","2015","US$","760531480695.3733"
"Northern Africa","2016","US$","785722409053.8086"
"Northern Africa","2017","US$","828225840395.4888"
"Northern Africa","2018","US$","861759445203.9299"
"Northern Africa","2019","US$","870117807980.2229"
"Northern Africa","2020","US$","834346359748.7161"
"Northern America","2015","US$","19771305398702.707"
"Northern America","2016","US$","20090542730451.83"
"Northern America","2017","US$","20556078010072.12"
"Northern America","2018","US$","21147898969242.805"
"Northern America","2019","US$","21624714943543.312"
"Northern America","2020","US$","20856644214483.703"
"Northern Europe","2015","US$","4785124831966.299"
"Northern Europe","2016","US$","4892521472734.178"
"Northern Europe","2017","US$","5027347573803.967"
"Northern Europe","2018","US$","5136495123989.977"
"Northern Europe","2019","US$","5235214293118.043"
"Northern Europe","2020","US$","4911546730676.883"
"Norway","2015","US$","385801550067.1694"
"Norway","2016","US$","389935641211.11896"
"Norway","2017","US$","398994853776.9968"
"Norway","2018","US$","403458923220.006"
"Norway","2019","US$","406895980159.14"
"Norway","2020","US$","403779725121.42175"
"Oceania","2015","US$","1470575347538.7349"
"Oceania","2016","US$","1507610101366.9153"
"Oceania","2017","US$","1554984220750.1726"
"Oceania","2018","US$","1591831723794.1843"
"Oceania","2019","US$","1593813230440.3262"
"Oceania","2020","US$","1609848823382.4207"
"Oman","2015","US$","68399663321.19635"
"Oman","2016","US$","71886150504.55283"
"Oman","2017","US$","72135149553.3211"
"Oman","2018","US$","72798268604.78253"
"Oman","2019","US$","72197508767.487"
"Oman","2020","US$","70150431569.03325"
"Pakistan","2015","US$","267035292423.79694"
"Pakistan","2016","US$","281793627648.30115"
"Pakistan","2017","US$","297445227528.5032"
"Pakistan","2018","US$","314805372833.5863"
"Pakistan","2019","US$","317918261038.38513"
"Pakistan","2020","US$","319589008733.0671"
"Palau","2015","US$","278824781"
"Palau","2016","US$","277586000"
"Palau","2017","US$","272112625"
"Palau","2018","US$","287936594"
"Palau","2019","US$","282843906"
"Palau","2020","US$","255360748"
"Panama","2015","US$","54091713776"
"Panama","2016","US$","56771111631.18754"
"Panama","2017","US$","59945370838.79794"
"Panama","2018","US$","62102217548.02985"
"Panama","2019","US$","63989964214.115746"
"Panama","2020","US$","52504208987.41241"
"Papua New Guinea","2015","US$","21723439634.76046"
"Papua New Guinea","2016","US$","22915963726.75489"
"Papua New Guinea","2017","US$","23725953874.88504"
"Papua New Guinea","2018","US$","23659698594.137814"
"Papua New Guinea","2019","US$","25046108256.037647"
"Papua New Guinea","2020","US$","24068179471.12266"
"Paraguay","2015","US$","36211447840.10271"
"Paraguay","2016","US$","37756961788.4736"
"Paraguay","2017","US$","39573101423.94842"
"Paraguay","2018","US$","40841122661.19119"
"Paraguay","2019","US$","40677000526.59326"
"Paraguay","2020","US$","40270230521.32731"
"Peru","2015","US$","189802961890.09705"
"Peru","2016","US$","197306477904.51678"
"Peru","2017","US$","202276303399.99142"
"Peru","2018","US$","210304967193.13986"
"Peru","2019","US$","214940035565.24512"
"Peru","2020","US$","190976775352.06448"
"Philippines","2015","US$","306445871631.19946"
"Philippines","2016","US$","328355086684.4071"
"Philippines","2017","US$","351113339409.8893"
"Philippines","2018","US$","373379141168.13306"
"Philippines","2019","US$","396224439739.1504"
"Philippines","2020","US$","358293755752.42926"
"Poland","2015","US$","477811911394.08417"
"Poland","2016","US$","492823451386.12555"
"Poland","2017","US$","516630057036.7423"
"Poland","2018","US$","544288897731.79474"
"Poland","2019","US$","570115134633.2406"
"Poland","2020","US$","555630454967.5024"
"Polynesia","2015","US$","6851051065.165661"
"Polynesia","2016","US$","7046132551.691614"
"Polynesia","2017","US$","7321851077.678611"
"Polynesia","2018","US$","7537170247.182331"
"Polynesia","2019","US$","7754528154.968918"
"Polynesia","2020","US$","7127000371.757787"
"Portugal","2015","US$","199313894327.48553"
"Portugal","2016","US$","203339009314.85687"
"Portugal","2017","US$","210468777080.15262"
"Portugal","2018","US$","216465718529.23148"
"Portugal","2019","US$","222272974069.0297"
"Portugal","2020","US$","203507675081.4824"
"Puerto Rico","2015","US$","103375500000"
"Puerto Rico","2016","US$","102069864411.21207"
"Puerto Rico","2017","US$","99124174302.15215"
"Puerto Rico","2018","US$","95013024204.32753"
"Puerto Rico","2019","US$","96423791493.1329"
"Puerto Rico","2020","US$","92660076632.50877"
"Qatar","2015","US$","161739955577.74725"
"Qatar","2016","US$","166695978167.95636"
"Qatar","2017","US$","164199531381.68408"
"Qatar","2018","US$","166227185733.2983"
"Qatar","2019","US$","167515127917.22006"
"Qatar","2020","US$","161395025660.2351"
"Republic of Korea","2015","US$","1465773245547.1497"
"Republic of Korea","2016","US$","1508967849304.805"
"Republic of Korea","2017","US$","1556645736778.4768"
"Republic of Korea","2018","US$","1601903713673.8252"
"Republic of Korea","2019","US$","1637850078348.9478"
"Republic of Korea","2020","US$","1623895080923.744"
"Republic of Moldova","2015","US$","7745241912.944551"
"Republic of Moldova","2016","US$","8086720854.219169"
"Republic of Moldova","2017","US$","8466052221.344032"
"Republic of Moldova","2018","US$","8830217596.465286"
"Republic of Moldova","2019","US$","9155470197.24831"
"Republic of Moldova","2020","US$","8517421142.082011"
"Republic of North Macedonia","2015","US$","10064513038.488253"
"Republic of North Macedonia","2016","US$","10351186732.045128"
"Republic of North Macedonia","2017","US$","10463142443.98849"
"Republic of North Macedonia","2018","US$","10764542217.84487"
"Republic of North Macedonia","2019","US$","11106224228.54384"
"Republic of North Macedonia","2020","US$","10602885724.217512"
"Romania","2015","US$","177730689856.03714"
"Romania","2016","US$","186089373387.7006"
"Romania","2017","US$","199710077390.3635"
"Romania","2018","US$","208646167928.7674"
"Romania","2019","US$","217384788216.69284"
"Romania","2020","US$","208840592493.9667"
"Russian Federation","2015","US$","1363482200818.9246"
"Russian Federation","2016","US$","1366122981623.6934"
"Russian Federation","2017","US$","1391065994034.5962"
"Russian Federation","2018","US$","1430116041548.1863"
"Russian Federation","2019","US$","1459190160607.7646"
"Russian Federation","2020","US$","1416125488015.768"
"Rwanda","2015","US$","8525953148.932487"
"Rwanda","2016","US$","9035092840.054476"
"Rwanda","2017","US$","9394054636.672855"
"Rwanda","2018","US$","10199887241.326363"
"Rwanda","2019","US$","11165665408.418673"
"Rwanda","2020","US$","10790831151.405602"
"Saint Kitts and Nevis","2015","US$","923155555.5555556"
"Saint Kitts and Nevis","2016","US$","949247429.0969661"
"Saint Kitts and Nevis","2017","US$","930472936.1516398"
"Saint Kitts and Nevis","2018","US$","957684156.1559154"
"Saint Kitts and Nevis","2019","US$","977355976.4309764"
"Saint Kitts and Nevis","2020","US$","872354802.6561916"
"Saint Lucia","2015","US$","1809977777.7777777"
"Saint Lucia","2016","US$","1872021671.1633143"
"Saint Lucia","2017","US$","1937574243.8254528"
"Saint Lucia","2018","US$","1994274644.0007517"
"Saint Lucia","2019","US$","1993001361.816786"
"Saint Lucia","2020","US$","1586953104.0042999"
"Saint Vincent and the Grenadines","2015","US$","755400000"
"Saint Vincent and the Grenadines","2016","US$","769733268.8890303"
"Saint Vincent and the Grenadines","2017","US$","777433356.2940282"
"Saint Vincent and the Grenadines","2018","US$","794250242.2449771"
"Saint Vincent and the Grenadines","2019","US$","798181178.4045984"
"Saint Vincent and the Grenadines","2020","US$","776405803.4603118"
"Samoa","2015","US$","786885444.7469528"
"Samoa","2016","US$","816024469.3542355"
"Samoa","2017","US$","811291094.7472576"
"Samoa","2018","US$","817241504.4112115"
"Samoa","2019","US$","836968986.3565497"
"Samoa","2020","US$","760167446.1224416"
"San Marino","2015","US$","1418829692.1835124"
"San Marino","2016","US$","1453724047.0526042"
"San Marino","2017","US$","1462481008.1174674"
"San Marino","2018","US$","1481680040.3447084"
"San Marino","2019","US$","1510988922.6017816"
"San Marino","2020","US$","1412114074.1299179"
"Sao Tome and Principe","2015","US$","318257372.15758055"
"Sao Tome and Principe","2016","US$","331512049.86933553"
"Sao Tome and Principe","2017","US$","344271890.30939454"
"Sao Tome and Principe","2018","US$","354411619.80943644"
"Sao Tome and Principe","2019","US$","362247150.726873"
"Sao Tome and Principe","2020","US$","373439559.7695723"
"Saudi Arabia","2015","US$","654269739552"
"Saudi Arabia","2016","US$","665200390233.6276"
"Saudi Arabia","2017","US$","660267740301.7722"
"Saudi Arabia","2018","US$","676339311329.9795"
"Saudi Arabia","2019","US$","678580856765.1431"
"Saudi Arabia","2020","US$","650714478106.5585"
"Senegal","2015","US$","17761402705.027443"
"Senegal","2016","US$","18892779492.641624"
"Senegal","2017","US$","20289661696.554962"
"Senegal","2018","US$","21549501570.281013"
"Senegal","2019","US$","22498198300.688957"
"Senegal","2020","US$","22684494881.34984"
"Serbia","2015","US$","39655949761.13951"
"Serbia","2016","US$","40979898305.044716"
"Serbia","2017","US$","41840953159.11909"
"Serbia","2018","US$","43721754123.64097"
"Serbia","2019","US$","45615664899.159256"
"Serbia","2020","US$","45184780917.99643"
"Seychelles","2015","US$","1377492465.595232"
"Seychelles","2016","US$","1438102603.0884068"
"Seychelles","2017","US$","1508590759.4465714"
"Seychelles","2018","US$","1535310669.5692966"
"Seychelles","2019","US$","1553596307.74274"
"Seychelles","2020","US$","1386259669.3319855"
"Sierra Leone","2015","US$","4248107973.577952"
"Sierra Leone","2016","US$","4517599625.233845"
"Sierra Leone","2017","US$","4688505637.601441"
"Sierra Leone","2018","US$","4850079166.386761"
"Sierra Leone","2019","US$","5117206319.828621"
"Sierra Leone","2020","US$","5007152720.904443"
"Singapore","2015","US$","307998545269.39795"
"Singapore","2016","US$","318251922972.01465"
"Singapore","2017","US$","332638117578.6009"
"Singapore","2018","US$","344272034622.5883"
"Singapore","2019","US$","348903242230.8294"
"Singapore","2020","US$","330093793755.5689"
"Sint Maarten (Dutch part)","2015","US$","1066424581.0055865"
"Sint Maarten (Dutch part)","2016","US$","1071036934.0761775"
"Sint Maarten (Dutch part)","2017","US$","981069831.6137786"
"Sint Maarten (Dutch part)","2018","US$","891792476.815547"
"Sint Maarten (Dutch part)","2019","US$","963135875.2763728"
"Sint Maarten (Dutch part)","2020","US$","731983265.2585944"
"Slovakia","2015","US$","88601289843.09174"
"Slovakia","2016","US$","90312783950.78735"
"Slovakia","2017","US$","93004273863.53943"
"Slovakia","2018","US$","96533237845.89478"
"Slovakia","2019","US$","99048285215.76964"
"Slovakia","2020","US$","94731014312.2407"
"Slovenia","2015","US$","43090173394.69132"
"Slovenia","2016","US$","44465548408.91588"
"Slovenia","2017","US$","46606733284.098404"
"Slovenia","2018","US$","48667926988.448006"
"Slovenia","2019","US$","50249892175.69759"
"Slovenia","2020","US$","48124693230.66919"
"Solomon Islands","2015","US$","1070957507.647963"
"Solomon Islands","2016","US$","1133856391.9499223"
"Solomon Islands","2017","US$","1194479034.3409376"
"Solomon Islands","2018","US$","1241578812.9398923"
"Solomon Islands","2019","US$","1256533249.0151906"
"Solomon Islands","2020","US$","1202254795.4690552"
"Somalia","2015","US$","1454779236.63874"
"Somalia","2016","US$","1496777957.929392"
"Somalia","2017","US$","1517600853.3592012"
"Somalia","2018","US$","1559952505.0808392"
"Somalia","2019","US$","1605127600.2506056"
"Somalia","2020","US$","1581128330.9416823"
"South Africa","2015","US$","317415638821.409"
"South Africa","2016","US$","318682449102.31024"
"South Africa","2017","US$","323190254190.7902"
"South Africa","2018","US$","325733912532.0183"
"South Africa","2019","US$","326230911852.92535"
"South Africa","2020","US$","303452192165.2077"
"South America","2015","US$","3753650424785.1323"
"South America","2016","US$","3643739294782.8203"
"South America","2017","US$","3658593869353.065"
"South America","2018","US$","3656124599870"
"South America","2019","US$","3633128328875.0083"
"South America","2020","US$","3380799791839.4805"
"South Sudan","2015","US$","6230859385.992983"
"South Sudan","2016","US$","5817020647.808735"
"South Sudan","2017","US$","5613698738.718594"
"South Sudan","2018","US$","5829405603.081745"
"South Sudan","2019","US$","6492809322.530967"
"South Sudan","2020","US$","6065021037.50889"
"South-Eastern Asia","2015","US$","2481991018106.2227"
"South-Eastern Asia","2016","US$","2602334702124.9556"
"South-Eastern Asia","2017","US$","2741791971359.122"
"South-Eastern Asia","2018","US$","2881772865525.7495"
"South-Eastern Asia","2019","US$","3006845335224.9727"
"South-Eastern Asia","2020","US$","2890047883718.9214"
"Southern Africa","2015","US$","349589697652.546"
"Southern Africa","2016","US$","351611432854.7402"
"Southern Africa","2017","US$","356444869210.64996"
"Southern Africa","2018","US$","359876437388.0092"
"Southern Africa","2019","US$","360950638811.2855"
"Southern Africa","2020","US$","335555621103.2715"
"Southern Asia","2015","US$","3154567361644.7305"
"Southern Asia","2016","US$","3401611418076.748"
"Southern Asia","2017","US$","3608950274791.249"
"Southern Asia","2018","US$","3801023672655.081"
"Southern Asia","2019","US$","3904849932808.636"
"Southern Asia","2020","US$","3728953067457.201"
"Southern Europe","2015","US$","3622150625826.869"
"Southern Europe","2016","US$","3691872634671.592"
"Southern Europe","2017","US$","3776422314901.168"
"Southern Europe","2018","US$","3840473160193.0273"
"Southern Europe","2019","US$","3892674301321.7314"
"Southern Europe","2020","US$","3529286759501.463"
"Spain","2015","US$","1195119269971.5168"
"Spain","2016","US$","1231346936295.0903"
"Spain","2017","US$","1267962775991.1804"
"Spain","2018","US$","1296983726387.2908"
"Spain","2019","US$","1324028319783.903"
"Spain","2020","US$","1180730237585.7202"
"Sri Lanka","2015","US$","80604076557.7785"
"Sri Lanka","2016","US$","84220490044.50847"
"Sri Lanka","2017","US$","87234039013.41562"
"Sri Lanka","2018","US$","90088343389.14091"
"Sri Lanka","2019","US$","92119991221.76852"
"Sri Lanka","2020","US$","88832161266.99292"
"State of Palestine","2015","US$","13972400000"
"State of Palestine","2016","US$","15211000000"
"State of Palestine","2017","US$","15426900000"
"State of Palestine","2018","US$","15616200000"
"State of Palestine","2019","US$","15829000000"
"State of Palestine","2020","US$","14015400000"
"Sub-Saharan Africa","2015","US$","1597872024132.9849"
"Sub-Saharan Africa","2016","US$","1614494994040.946"
"Sub-Saharan Africa","2017","US$","1657874976335.126"
"Sub-Saharan Africa","2018","US$","1705262154816.684"
"Sub-Saharan Africa","2019","US$","1753581463298.2634"
"Sub-Saharan Africa","2020","US$","1719178331732.7712"
"Sudan","2015","US$","83933478922.52324"
"Sudan","2016","US$","86934082433.75273"
"Sudan","2017","US$","90997467502.83263"
"Sudan","2018","US$","93561269866.20149"
"Sudan","2019","US$","94752515415.20392"
"Sudan","2020","US$","93272327815.01071"
"Suriname","2015","US$","5126238146.341458"
"Suriname","2016","US$","4874454731.707313"
"Suriname","2017","US$","4950790536.585361"
"Suriname","2018","US$","5195769073.170727"
"Suriname","2019","US$","5252806536.585361"
"Suriname","2020","US$","4417293073.170727"
"Sweden","2015","US$","505103781349.7569"
"Sweden","2016","US$","515562425649.4073"
"Sweden","2017","US$","528801679620.70825"
"Sweden","2018","US$","539113433181.7565"
"Sweden","2019","US$","549821281946.7351"
"Sweden","2020","US$","534451934431.87885"
"Switzerland","2015","US$","702149580770.9008"
"Switzerland","2016","US$","716509848990.836"
"Switzerland","2017","US$","727865237631.492"
"Switzerland","2018","US$","749096375856.4717"
"Switzerland","2019","US$","758167874591.909"
"Switzerland","2020","US$","740026236249.6478"
"Syrian Arab Republic","2015","US$","19966555452.036465"
"Syrian Arab Republic","2016","US$","18842350880.108425"
"Syrian Arab Republic","2017","US$","18705238648.19309"
"Syrian Arab Republic","2018","US$","18981309277.52584"
"Syrian Arab Republic","2019","US$","19692689199.422607"
"Syrian Arab Republic","2020","US$","20677323659.393738"
"Tajikistan","2015","US$","8271431932.436776"
"Tajikistan","2016","US$","8846227310.420893"
"Tajikistan","2017","US$","9623186280.710314"
"Tajikistan","2018","US$","10351650055.42476"
"Tajikistan","2019","US$","11122132655.047913"
"Tajikistan","2020","US$","11622628570.77047"
"Thailand","2015","US$","401296183735.8497"
"Thailand","2016","US$","415081340559.1644"
"Thailand","2017","US$","432422114991.4915"
"Thailand","2018","US$","450538851347.8792"
"Thailand","2019","US$","460749930330.64954"
"Thailand","2020","US$","432703106689.26526"
"Timor-Leste","2015","US$","1594410884"
"Timor-Leste","2016","US$","1648386670"
"Timor-Leste","2017","US$","1597763068"
"Timor-Leste","2018","US$","1586777849"
"Timor-Leste","2019","US$","1896767732"
"Timor-Leste","2020","US$","2110447597"
"Togo","2015","US$","5345703674.099851"
"Togo","2016","US$","5966935225.300802"
"Togo","2017","US$","6206084773.771066"
"Togo","2018","US$","6451316011.834319"
"Togo","2019","US$","6683562917.248671"
"Togo","2020","US$","6730347857.669412"
"Tonga","2015","US$","403249057.0798629"
"Tonga","2016","US$","429746585.576393"
"Tonga","2017","US$","444024575.8043885"
"Tonga","2018","US$","445366019.4164757"
"Tonga","2019","US$","448625616.39515686"
"Tonga","2020","US$","451562770.4670377"
"Trinidad and Tobago","2015","US$","25191551350.554615"
"Trinidad and Tobago","2016","US$","23600061631.73443"
"Trinidad and Tobago","2017","US$","22967294232.408714"
"Trinidad and Tobago","2018","US$","22805045156.516453"
"Trinidad and Tobago","2019","US$","22765948868.228962"
"Trinidad and Tobago","2020","US$","21087122855.384632"
"Tunisia","2015","US$","43172981584.145805"
"Tunisia","2016","US$","43712358299.9097"
"Tunisia","2017","US$","44550785692.73653"
"Tunisia","2018","US$","45737437029.71146"
"Tunisia","2019","US$","46214598218.792404"
"Tunisia","2020","US$","42239999376.06102"
"Turkey","2015","US$","864313960372.0488"
"Turkey","2016","US$","893035841327.6753"
"Turkey","2017","US$","960031367821.4117"
"Turkey","2018","US$","988639200509.5981"
"Turkey","2019","US$","997433987566.2754"
"Turkey","2020","US$","1015323479349.2557"
"Turkmenistan","2015","US$","36051602134.735886"
"Turkmenistan","2016","US$","34365000102.26956"
"Turkmenistan","2017","US$","34529241667.284096"
"Turkmenistan","2018","US$","34987150982.79639"
"Turkmenistan","2019","US$","32285944654.35612"
"Turkmenistan","2020","US$","31202830085.14137"
"Turks and Caicos Islands","2015","US$","942070000"
"Turks and Caicos Islands","2016","US$","1010381250.5475118"
"Turks and Caicos Islands","2017","US$","985220508.2583039"
"Turks and Caicos Islands","2018","US$","1040500783.8544835"
"Turks and Caicos Islands","2019","US$","1095902844.2632923"
"Turks and Caicos Islands","2020","US$","802388550.9642292"
"Tuvalu","2015","US$","35038170.07419211"
"Tuvalu","2016","US$","37100017.67252823"
"Tuvalu","2017","US$","39302809.38239958"
"Tuvalu","2018","US$","42056414.53214549"
"Tuvalu","2019","US$","44695367.80702854"
"Tuvalu","2020","US$","47558189.34434314"
"Uganda","2015","US$","29296831595.111706"
"Uganda","2016","US$","29511214733.862312"
"Uganda","2017","US$","31597340118.842285"
"Uganda","2018","US$","33400152143.86377"
"Uganda","2019","US$","35974897909.219505"
"Uganda","2020","US$","35672309520.47136"
"Ukraine","2015","US$","91030968761.41553"
"Ukraine","2016","US$","93253018272.86191"
"Ukraine","2017","US$","95552670924.56938"
"Ukraine","2018","US$","98806521744.63385"
"Ukraine","2019","US$","101989557188.75423"
"Ukraine","2020","US$","97889261156.43015"
"United Arab Emirates","2015","US$","358134944420.42206"
"United Arab Emirates","2016","US$","368822465060.218"
"United Arab Emirates","2017","US$","377576654578.61584"
"United Arab Emirates","2018","US$","382069271704.4597"
"United Arab Emirates","2019","US$","395103712643.59607"
"United Arab Emirates","2020","US$","370866044163.3402"
"United Kingdom of Great Britain and Northern Ireland","2015","US$","2956573778737.7554"
"United Kingdom of Great Britain and Northern Ireland","2016","US$","3023494747531.0156"
"United Kingdom of Great Britain and Northern Ireland","2017","US$","3088029826001.049"
"United Kingdom of Great Britain and Northern Ireland","2018","US$","3139010896454.549"
"United Kingdom of Great Britain and Northern Ireland","2019","US$","3191493407971.4795"
"United Kingdom of Great Britain and Northern Ireland","2020","US$","2882115887132.2104"
"United Republic of Tanzania: Mainland","2015","US$","47378599806.0988"
"United Republic of Tanzania: Mainland","2016","US$","50632143307.01442"
"United Republic of Tanzania: Mainland","2017","US$","54061410763.54793"
"United Republic of Tanzania: Mainland","2018","US$","57819550031.069984"
"United Republic of Tanzania: Mainland","2019","US$","61864665520.85521"
"United Republic of Tanzania: Mainland","2020","US$","64826971014.33216"
"United Republic of Tanzania: Zanzibar","2015","US$","1183574718.393915"
"United Republic of Tanzania: Zanzibar","2016","US$","1251775745.8235059"
"United Republic of Tanzania: Zanzibar","2017","US$","1348721290.5600579"
"United Republic of Tanzania: Zanzibar","2018","US$","1444174592.3949897"
"United Republic of Tanzania: Zanzibar","2019","US$","1546338296.2478063"
"United Republic of Tanzania: Zanzibar","2020","US$","1565691398.7008412"
"United States","2015","US$","18206023000000"
"United States","2016","US$","18509604068838.51"
"United States","2017","US$","18927121082358.406"
"United States","2018","US$","19479577090446.195"
"United States","2019","US$","19925439113221.254"
"United States","2020","US$","19247059027451.863"
"Uruguay","2015","US$","57080759094.68036"
"Uruguay","2016","US$","58852009679.53569"
"Uruguay","2017","US$","59809975604.600586"
"Uruguay","2018","US$","60095811774.84401"
"Uruguay","2019","US$","60306415837.35837"
"Uruguay","2020","US$","56773231040.89788"
"Uzbekistan","2015","US$","81847409754.76292"
"Uzbekistan","2016","US$","86835351655.83075"
"Uzbekistan","2017","US$","90709537891.18153"
"Uzbekistan","2018","US$","95649985952.4009"
"Uzbekistan","2019","US$","101196210504.72017"
"Uzbekistan","2020","US$","102863718728.42615"
"Vanuatu","2015","US$","759689265.75271"
"Vanuatu","2016","US$","786017620.2652136"
"Vanuatu","2017","US$","820746985.336014"
"Vanuatu","2018","US$","844541819.3875462"
"Vanuatu","2019","US$","872119022.8449752"
"Vanuatu","2020","US$","791575966.5271659"
"Venezuela (Bolivarian Republic of)","2015","US$","344342559930.0103"
"Venezuela (Bolivarian Republic of)","2016","US$","285665867220.6771"
"Venezuela (Bolivarian Republic of)","2017","US$","240898160460.08322"
"Venezuela (Bolivarian Republic of)","2018","US$","193630568866.18835"
"Venezuela (Bolivarian Republic of)","2019","US$","139965924236.1943"
"Venezuela (Bolivarian Republic of)","2020","US$","97976208357.3997"
"Viet Nam","2015","US$","193241122948.63376"
"Viet Nam","2016","US$","205242966193.17148"
"Viet Nam","2017","US$","219224580572.23804"
"Viet Nam","2018","US$","234736466204.92844"
"Viet Nam","2019","US$","251208949469.89682"
"Viet Nam","2020","US$","258508682829.2113"
"Western Africa","2015","US$","685377679138.0886"
"Western Africa","2016","US$","688367529426.7102"
"Western Africa","2017","US$","706353347942.6766"
"Western Africa","2018","US$","729188998304.4515"
"Western Africa","2019","US$","753694240186.5983"
"Western Africa","2020","US$","747356191287.9099"
"Western Asia","2015","US$","2967015859606.0225"
"Western Asia","2016","US$","3064417852546.586"
"Western Asia","2017","US$","3140836080848.1406"
"Western Asia","2018","US$","3217573224108.057"
"Western Asia","2019","US$","3269313694432.126"
"Western Asia","2020","US$","3156976551776.1475"
"Western Europe","2015","US$","8178400450726.181"
"Western Europe","2016","US$","8327885939315.983"
"Western Europe","2017","US$","8527634313209.735"
"Western Europe","2018","US$","8673677678696.3"
"Western Europe","2019","US$","8802802339265.033"
"Western Europe","2020","US$","8324757118305.23"
"World","2015","US$","75132970705066.06"
"World","2016","US$","77152735911921.3"
"World","2017","US$","79723580871027.81"
"World","2018","US$","82263217409324.08"
"World","2019","US$","84310329972174.33"
"World","2020","US$","81488900834033.72"
"Yemen","2015","US$","26660296290.669647"
"Yemen","2016","US$","22652374453.77088"
"Yemen","2017","US$","20257337241.17609"
"Yemen","2018","US$","20090817588.239136"
"Yemen","2019","US$","20380367839.63284"
"Yemen","2020","US$","20625649852.343727"
"Zambia","2015","US$","20858963738.926857"
"Zambia","2016","US$","21641900747.84693"
"Zambia","2017","US$","22405314391.45506"
"Zambia","2018","US$","23309255438.44813"
"Zambia","2019","US$","23645213130.283165"
"Zambia","2020","US$","22986676825.18855"
"Zimbabwe","2015","US$","19963120615"
"Zimbabwe","2016","US$","20114015731.41436"
"Zimbabwe","2017","US$","21060186088.236023"
"Zimbabwe","2018","US$","22077324321.227535"
"Zimbabwe","2019","US$","20244906402.938828"
"Zimbabwe","2020","US$","20406865654.14478"