"Country/Area","Year","Unit","GDP, at current prices - US Dollars"
"Afghanistan","2015","US$","18713048410.19328"
"Afghanistan","2016","US$","18019558182.21724"
"Afghanistan","2017","US$","18896352021.475655"
"Afghanistan","2018","US$","18418848299.94221"
"Afghanistan","2019","US$","18904490263.10992"
"Afghanistan","2020","US$","19793262412.554974"
"Africa","2015","US$","2358403504828.3584"
"Africa","2016","US$","2211828669555.613"
"Africa","2017","US$","2298124817955.5776"
"Africa","2018","US$","2427011884544.861"
"Africa","2019","US$","2521005637860.1436"
"Africa","2020","US$","2414594155310.1167"
"Albania","2015","US$","11386924852.73626"
"Albania","2016","US$","11861356451.165068"
"Albania","2017","US$","13019729855.683859"
"Albania","2018","US$","15156439967.854753"
"Albania","2019","US$","15400237155.139214"
"Albania","2020","US$","14909619335.12195"
"Algeria","2015","US$","165979118790.53983"
"Algeria","2016","US$","160034211699.7204"
"Algeria","2017","US$","170096984537.2316"
"Algeria","2018","US$","175415180410.90616"
"Algeria","2019","US$","171158234285.29306"
"Algeria","2020","US$","147688693830.41693"
"Americas","2015","US$","25281355352708.965"
"Americas","2016","US$","25516661874530.812"
"Americas","2017","US$","26937253722687.92"
"Americas","2018","US$","27884039929683.594"
"Americas","2019","US$","28631368828410.69"
"Americas","2020","US$","27147970324400.605"
"Andorra","2015","US$","2788757748.7422442"
"Andorra","2016","US$","2894646183.6422057"
"Andorra","2017","US$","3000160225.1573615"
"Andorra","2018","US$","3218419456.437299"
"Andorra","2019","US$","3155149347.9215636"
"Andorra","2020","US$","2864399402.023354"
"Angola","2015","US$","116193647513.08604"
"Angola","2016","US$","101123830009.72688"
"Angola","2017","US$","122123858627.66415"
"Angola","2018","US$","101353211652.23389"
"Angola","2019","US$","89417189120.43797"
"Angola","2020","US$","62306915569.0799"
"Anguilla","2015","US$","330533333.3333333"
"Anguilla","2016","US$","318751851.8518518"
"Anguilla","2017","US$","281055555.5555555"
"Anguilla","2018","US$","322455555.5555555"
"Anguilla","2019","US$","376729629.6296296"
"Anguilla","2020","US$","258440740.74074072"
"Antigua and Barbuda","2015","US$","1336692592.5925925"
"Antigua and Barbuda","2016","US$","1436585185.1851852"
"Antigua and Barbuda","2017","US$","1467977777.7777777"
"Antigua and Barbuda","2018","US$","1605944444.4444444"
"Antigua and Barbuda","2019","US$","1687533333.3333333"
"Antigua and Barbuda","2020","US$","1370351851.8518517"
"Argentina","2015","US$","644903200498.5957"
"Argentina","2016","US$","557532317365.8905"
"Argentina","2017","US$","643628396190.9314"
"Argentina","2018","US$","517626853947.3963"
"Argentina","2019","US$","445445254556.12335"
"Argentina","2020","US$","383067158672.7277"
"Armenia","2015","US$","10553337527.774534"
"Armenia","2016","US$","10546136240.39524"
"Armenia","2017","US$","11527458712.618631"
"Armenia","2018","US$","12457940705.308796"
"Armenia","2019","US$","13619290545.813139"
"Armenia","2020","US$","12641210872.564846"
"Aruba","2015","US$","2962905027.932961"
"Aruba","2016","US$","2983636871.50838"
"Aruba","2017","US$","3092430167.5977654"
"Aruba","2018","US$","3202189944.134078"
"Aruba","2019","US$","3310204500"
"Aruba","2020","US$","2496791098.3240223"
"Asia","2015","US$","26810078114334.203"
"Asia","2016","US$","27876523835753.027"
"Asia","2017","US$","29887294542864.297"
"Asia","2018","US$","32281222297171.867"
"Asia","2019","US$","33166268645822.004"
"Asia","2020","US$","33089882575310.027"
"Australia","2015","US$","1247634399290.8735"
"Australia","2016","US$","1310104586643.4653"
"Australia","2017","US$","1416783718751.0127"
"Australia","2018","US$","1458952688944.2185"
"Australia","2019","US$","1380207832898.7317"
"Australia","2020","US$","1423472702120.6338"
"Australia and New Zealand","2015","US$","1425698870428.7944"
"Australia and New Zealand","2016","US$","1498942929171.441"
"Australia and New Zealand","2017","US$","1623407477551.1719"
"Australia and New Zealand","2018","US$","1670905799979.7317"
"Australia and New Zealand","2019","US$","1593642404256.7158"
"Australia and New Zealand","2020","US$","1635516561248.3154"
"Austria","2015","US$","381817565893.5738"
"Austria","2016","US$","395568644341.0376"
"Austria","2017","US$","417261151844.9772"
"Austria","2018","US$","455168151938.94086"
"Austria","2019","US$","445011872704.46985"
"Austria","2020","US$","433258467676.51483"
"Azerbaijan","2015","US$","53076244754.50366"
"Azerbaijan","2016","US$","37867007022.784386"
"Azerbaijan","2017","US$","40866632047.84144"
"Azerbaijan","2018","US$","47112479289.41864"
"Azerbaijan","2019","US$","48174235294.117645"
"Azerbaijan","2020","US$","42607176470.588234"
"Bahamas","2015","US$","11890632576"
"Bahamas","2016","US$","11992585733"
"Bahamas","2017","US$","12359749424"
"Bahamas","2018","US$","12837849402"
"Bahamas","2019","US$","13164429143"
"Bahamas","2020","US$","9907503061"
"Bahrain","2015","US$","31050638297.87234"
"Bahrain","2016","US$","32234974125"
"Bahrain","2017","US$","35473785361.702126"
"Bahrain","2018","US$","37654023603.723404"
"Bahrain","2019","US$","38473717598.40426"
"Bahrain","2020","US$","33903884595.744682"
"Bangladesh","2015","US$","194465981064.67563"
"Bangladesh","2016","US$","220315832054.34283"
"Bangladesh","2017","US$","245633488923.34155"
"Bangladesh","2018","US$","269627615528.3663"
"Bangladesh","2019","US$","301051101805.72986"
"Bangladesh","2020","US$","329484193093.33417"
"Barbados","2015","US$","4715005000"
"Barbados","2016","US$","4829320000"
"Barbados","2017","US$","4985965000"
"Barbados","2018","US$","5122900000"
"Barbados","2019","US$","5297950000"
"Barbados","2020","US$","4439724483.5"
"Belarus","2015","US$","56454777259.768295"
"Belarus","2016","US$","47723549319.08417"
"Belarus","2017","US$","54725418813.96052"
"Belarus","2018","US$","60031035895.84204"
"Belarus","2019","US$","64410169472.619156"
"Belarus","2020","US$","60258856563.130875"
"Belgium","2015","US$","462149679343.82184"
"Belgium","2016","US$","475739588764.7589"
"Belgium","2017","US$","502764720556.3538"
"Belgium","2018","US$","543273794572.3918"
"Belgium","2019","US$","535288715239.99915"
"Belgium","2020","US$","521861292586.6162"
"Belize","2015","US$","1734320479"
"Belize","2016","US$","1796928936.5"
"Belize","2017","US$","1844906692.5"
"Belize","2018","US$","1887465218.5"
"Belize","2019","US$","1945250235.5"
"Belize","2020","US$","1585631670.5"
"Benin","2015","US$","11379544643.204834"
"Benin","2016","US$","11821065852.12665"
"Benin","2017","US$","12701655845.972488"
"Benin","2018","US$","14262408079.749313"
"Benin","2019","US$","14391686309.11395"
"Benin","2020","US$","15205070064.736433"
"Bermuda","2015","US$","6654543000"
"Bermuda","2016","US$","6899912000"
"Bermuda","2017","US$","7142316000"
"Bermuda","2018","US$","7224328000"
"Bermuda","2019","US$","7484113000"
"Bermuda","2020","US$","7719040912"
"Bhutan","2015","US$","2003596257.6718912"
"Bhutan","2016","US$","2158977044.8467355"
"Bhutan","2017","US$","2450366316.291653"
"Bhutan","2018","US$","2446867537.586086"
"Bhutan","2019","US$","2530559002.775356"
"Bhutan","2020","US$","2483005943.9889703"
"Bolivia (Plurinational State of)","2015","US$","33000198248.19103"
"Bolivia (Plurinational State of)","2016","US$","33941126200"
"Bolivia (Plurinational State of)","2017","US$","37508683068.017365"
"Bolivia (Plurinational State of)","2018","US$","40287647930.53545"
"Bolivia (Plurinational State of)","2019","US$","40895322843.849495"
"Bolivia (Plurinational State of)","2020","US$","36572764862.807526"
"Bosnia and Herzegovina","2015","US$","16211618367.740126"
"Bosnia and Herzegovina","2016","US$","16912957665.675327"
"Bosnia and Herzegovina","2017","US$","18080610874.633934"
"Bosnia and Herzegovina","2018","US$","20183688191.057877"
"Bosnia and Herzegovina","2019","US$","20202636114.247986"
"Bosnia and Herzegovina","2020","US$","19801302919.415855"
"Botswana","2015","US$","14420571191.715553"
"Botswana","2016","US$","15646416112.758806"
"Botswana","2017","US$","17405496706.676617"
"Botswana","2018","US$","18663281037.45352"
"Botswana","2019","US$","18362405201.905262"
"Botswana","2020","US$","15781675077.617758"
"Brazil","2015","US$","1802211999555.591"
"Brazil","2016","US$","1795693265824.2683"
"Brazil","2017","US$","2063514688761.6658"
"Brazil","2018","US$","1916933708404.1624"
"Brazil","2019","US$","1886014572497.7058"
"Brazil","2020","US$","1444733210425.3413"
"British Virgin Islands","2015","US$","1279140000"
"British Virgin Islands","2016","US$","1403030000"
"British Virgin Islands","2017","US$","1306770000"
"British Virgin Islands","2018","US$","1381870000"
"British Virgin Islands","2019","US$","1438842891"
"British Virgin Islands","2020","US$","1492117304"
"Brunei Darussalam","2015","US$","12930298314.133038"
"Brunei Darussalam","2016","US$","11400266877.597195"
"Brunei Darussalam","2017","US$","12128166605.720644"
"Brunei Darussalam","2018","US$","13566912772.254004"
"Brunei Darussalam","2019","US$","13469240145.69015"
"Brunei Darussalam","2020","US$","12002998241.029942"
"Bulgaria","2015","US$","50782022217.18431"
"Bulgaria","2016","US$","53952631206.84363"
"Bulgaria","2017","US$","59200845117.7644"
"Bulgaria","2018","US$","66361759159.14392"
"Bulgaria","2019","US$","68913754203.53442"
"Bulgaria","2020","US$","69887997669.45052"
"Burkina Faso","2015","US$","11823207030.166265"
"Burkina Faso","2016","US$","12833363043.971859"
"Burkina Faso","2017","US$","14106955625.357096"
"Burkina Faso","2018","US$","16059912073.500927"
"Burkina Faso","2019","US$","15990803210.295273"
"Burkina Faso","2020","US$","17369059159.156284"
"Burundi","2015","US$","2810531639.5568476"
"Burundi","2016","US$","2930086948.1131635"
"Burundi","2017","US$","3297826847.6132917"
"Burundi","2018","US$","3317319374.620303"
"Burundi","2019","US$","3368533751.5792475"
"Burundi","2020","US$","3399287172.595863"
"Cabo Verde","2015","US$","1596152976.3306305"
"Cabo Verde","2016","US$","1663011130.5248048"
"Cabo Verde","2017","US$","1769786531.6811657"
"Cabo Verde","2018","US$","1966501561.854086"
"Cabo Verde","2019","US$","1981846171.1991363"
"Cabo Verde","2020","US$","1703697923.9356349"
"Cambodia","2015","US$","18049953905.721836"
"Cambodia","2016","US$","20016756230.757874"
"Cambodia","2017","US$","22177200626.151054"
"Cambodia","2018","US$","24571753581.795925"
"Cambodia","2019","US$","27097963819.99016"
"Cambodia","2020","US$","25291251309.933582"
"Cameroon","2015","US$","30905253106.21296"
"Cameroon","2016","US$","32643696766.090763"
"Cameroon","2017","US$","35009259798.372765"
"Cameroon","2018","US$","38694159761.10335"
"Cameroon","2019","US$","39007353481.78937"
"Cameroon","2020","US$","39880594927.27729"
"Canada","2015","US$","1556128742617.2236"
"Canada","2016","US$","1528244722960.9153"
"Canada","2017","US$","1649518967467.839"
"Canada","2018","US$","1721905662846.3223"
"Canada","2019","US$","1741496789531.8042"
"Canada","2020","US$","1644037286481.2559"
"Caribbean","2015","US$","352900710509.3361"
"Caribbean","2016","US$","359664657853.0598"
"Caribbean","2017","US$","372910610777.58466"
"Caribbean","2018","US$","382791944776.6753"
"Caribbean","2019","US$","393481141979.91785"
"Caribbean","2020","US$","375615538343.41656"
"Cayman Islands","2015","US$","4784704390.243903"
"Cayman Islands","2016","US$","4989129024.3902445"
"Cayman Islands","2017","US$","5250264878.04878"
"Cayman Islands","2018","US$","5522426889.707559"
"Cayman Islands","2019","US$","5935555662.222649"
"Cayman Islands","2020","US$","6256138466.153865"
"Central African Republic","2015","US$","1694542946.120011"
"Central African Republic","2016","US$","1825018853.1962924"
"Central African Republic","2017","US$","2072349974.15272"
"Central African Republic","2018","US$","2220978586.410481"
"Central African Republic","2019","US$","2219195547.858265"
"Central African Republic","2020","US$","2323197434.3993497"
"Central America","2015","US$","1403498818711.7869"
"Central America","2016","US$","1322293238040.1565"
"Central America","2017","US$","1417030779219.1694"
"Central America","2018","US$","1487820585109.6736"
"Central America","2019","US$","1543170398963.5576"
"Central America","2020","US$","1328175879220.849"
"Central Asia","2015","US$","317237025734.2085"
"Central Asia","2016","US$","269032279261.48846"
"Central Asia","2017","US$","280082933909.9136"
"Central Asia","2018","US$","284060915209.5729"
"Central Asia","2019","US$","300026178659.9466"
"Central Asia","2020","US$","287367432132.3303"
"Chad","2015","US$","11690460036.73648"
"Chad","2016","US$","10392458058.881279"
"Chad","2017","US$","10394020226.723984"
"Chad","2018","US$","11371980166.936956"
"Chad","2019","US$","11271663909.95955"
"Chad","2020","US$","11154266851.283241"
"Chile","2015","US$","243919085308.94537"
"Chile","2016","US$","250440136356.14777"
"Chile","2017","US$","277034678676.0329"
"Chile","2018","US$","297571687000.99677"
"Chile","2019","US$","279385478376.8078"
"Chile","2020","US$","252940021098.6359"
"China (mainland)","2015","US$","11061569698044.299"
"China (mainland)","2016","US$","11233313123450.404"
"China (mainland)","2017","US$","12310491937814.248"
"China (mainland)","2018","US$","13894905534554.941"
"China (mainland)","2019","US$","14279965557538.28"
"China (mainland)","2020","US$","14722800528253.229"
"China, Hong Kong SAR","2015","US$","309385622601.3481"
"China, Hong Kong SAR","2016","US$","320839704982.4471"
"China, Hong Kong SAR","2017","US$","341241972219.549"
"China, Hong Kong SAR","2018","US$","361691522612.7448"
"China, Hong Kong SAR","2019","US$","365708202614.0314"
"China, Hong Kong SAR","2020","US$","349444713010.4096"
"China, Macao Special Administrative Region","2015","US$","45060461320.38327"
"China, Macao Special Administrative Region","2016","US$","45085316231.19852"
"China, Macao Special Administrative Region","2017","US$","50456759225.42247"
"China, Macao Special Administrative Region","2018","US$","55302395768.41926"
"China, Macao Special Administrative Region","2019","US$","55153910691.12001"
"China, Macao Special Administrative Region","2020","US$","24333019574.482155"
"Colombia","2015","US$","293481753078.873"
"Colombia","2016","US$","282825012368.254"
"Colombia","2017","US$","311883730442.04504"
"Colombia","2018","US$","334198218100.71594"
"Colombia","2019","US$","323429885858.74207"
"Colombia","2020","US$","271346896626.4156"
"Comoros","2015","US$","965640688.7320379"
"Comoros","2016","US$","1012147428.869816"
"Comoros","2017","US$","1077439756.1222281"
"Comoros","2018","US$","1188797449.9603777"
"Comoros","2019","US$","1192559711.3735545"
"Comoros","2020","US$","1235400317.2603695"
"Congo","2015","US$","11750612893.157536"
"Congo","2016","US$","10152114843.476793"
"Congo","2017","US$","11011651900.263561"
"Congo","2018","US$","13360104989.056675"
"Congo","2019","US$","12525041406.676668"
"Congo","2020","US$","10100209828.485247"
"Cook Islands","2015","US$","302173463.2751617"
"Cook Islands","2016","US$","309858493.23889244"
"Cook Islands","2017","US$","345608995.2572408"
"Cook Islands","2018","US$","362713890.596261"
"Cook Islands","2019","US$","356795618.21625626"
"Cook Islands","2020","US$","283394752.6844537"
"Costa Rica","2015","US$","56441920823.796875"
"Costa Rica","2016","US$","58847019585.00249"
"Costa Rica","2017","US$","60516044623.49642"
"Costa Rica","2018","US$","62335931329.59503"
"Costa Rica","2019","US$","63951114771.92056"
"Costa Rica","2020","US$","61520674627.4479"
"Croatia","2015","US$","50163190861.88039"
"Croatia","2016","US$","52295153428.69163"
"Croatia","2017","US$","56214432403.24217"
"Croatia","2018","US$","62247878362.96725"
"Croatia","2019","US$","62246204386.02265"
"Croatia","2020","US$","57203783669.48992"
"Cuba","2015","US$","87205671392.82733"
"Cuba","2016","US$","91370000000"
"Cuba","2017","US$","96851000000"
"Cuba","2018","US$","100050000000"
"Cuba","2019","US$","103428000000"
"Cuba","2020","US$","107352000000"
"Curaçao","2015","US$","3151910754.7486033"
"Curaçao","2016","US$","3122287954.7486033"
"Curaçao","2017","US$","3116629206.7039104"
"Curaçao","2018","US$","3127908441.340782"
"Curaçao","2019","US$","3101807734.0782123"
"Curaçao","2020","US$","2595821708.9385476"
"Cyprus","2015","US$","19834550268.813377"
"Cyprus","2016","US$","20938677507.93796"
"Cyprus","2017","US$","22870734322.00004"
"Cyprus","2018","US$","25523497438.58822"
"Cyprus","2019","US$","25758996523.137215"
"Cyprus","2020","US$","24612498634.08567"
"Czechia","2015","US$","188033050459.8811"
"Czechia","2016","US$","196272068576.3383"
"Czechia","2017","US$","218628940951.67508"
"Czechia","2018","US$","248950103352.13702"
"Czechia","2019","US$","252498032247.16284"
"Czechia","2020","US$","245349489988.25952"
"Côte d'Ivoire","2015","US$","45779974485.78597"
"Côte d'Ivoire","2016","US$","47964233340.88253"
"Côte d'Ivoire","2017","US$","51588154311.92635"
"Côte d'Ivoire","2018","US$","58010991901.75863"
"Côte d'Ivoire","2019","US$","58539606234.439"
"Côte d'Ivoire","2020","US$","61142879718.507454"
"Democratic People's Republic of Korea","2015","US$","16282601357.203905"
"Democratic People's Republic of Korea","2016","US$","16786184835.500507"
"Democratic People's Republic of Korea","2017","US$","17364724930.682907"
"Democratic People's Republic of Korea","2018","US$","17487261056.77143"
"Democratic People's Republic of Korea","2019","US$","16331452312.852226"
"Democratic People's Republic of Korea","2020","US$","15847371619.830744"
"Democratic Republic of the Congo","2015","US$","37917678437.72589"
"Democratic Republic of the Congo","2016","US$","40337512404.90446"
"Democratic Republic of the Congo","2017","US$","37642464496.70491"
"Democratic Republic of the Congo","2018","US$","47146004309.63607"
"Democratic Republic of the Congo","2019","US$","47319630272.204865"
"Democratic Republic of the Congo","2020","US$","45307673951.83725"
"Denmark","2015","US$","302673070846.85724"
"Denmark","2016","US$","313115929314.3386"
"Denmark","2017","US$","332121063806.3911"
"Denmark","2018","US$","356841216410.0677"
"Denmark","2019","US$","347561349210.9795"
"Denmark","2020","US$","356084867685.639"
"Djibouti","2015","US$","2445484583.203916"
"Djibouti","2016","US$","2618587757.0166554"
"Djibouti","2017","US$","2766868072.1978393"
"Djibouti","2018","US$","2923362592.842674"
"Djibouti","2019","US$","3166329056.9435067"
"Djibouti","2020","US$","3423458248.9309025"
"Dominica","2015","US$","540737037.037037"
"Dominica","2016","US$","576229629.6296296"
"Dominica","2017","US$","520699999.99999994"
"Dominica","2018","US$","554770370.3703704"
"Dominica","2019","US$","611537037.037037"
"Dominica","2020","US$","506614814.8148148"
"Dominican Republic","2015","US$","71155035229.06207"
"Dominican Republic","2016","US$","75682409308.36546"
"Dominican Republic","2017","US$","79998045976.4183"
"Dominican Republic","2018","US$","85555390386.97087"
"Dominican Republic","2019","US$","88941371980.96696"
"Dominican Republic","2020","US$","78844655832.37018"
"Eastern Africa","2015","US$","324886384006.57764"
"Eastern Africa","2016","US$","337305322640.1787"
"Eastern Africa","2017","US$","366688071410.71185"
"Eastern Africa","2018","US$","398780873583.30115"
"Eastern Africa","2019","US$","433522010606.15753"
"Eastern Africa","2020","US$","431716813904.41864"
"Eastern Asia","2015","US$","17889266849243.023"
"Eastern Asia","2016","US$","18674081046385.156"
"Eastern Asia","2017","US$","19876453210598.684"
"Eastern Asia","2018","US$","21713340242508.695"
"Eastern Asia","2019","US$","22143328535506.523"
"Eastern Asia","2020","US$","22489652384461.535"
"Eastern Europe","2015","US$","2626882477136.4717"
"Eastern Europe","2016","US$","2555174066154.3535"
"Eastern Europe","2017","US$","3005344506738"
"Eastern Europe","2018","US$","3270095272172.4175"
"Eastern Europe","2019","US$","3355147985687.1177"
"Eastern Europe","2020","US$","3132805231668.803"
"Ecuador","2015","US$","99290381000"
"Ecuador","2016","US$","99937696000"
"Ecuador","2017","US$","104295862000"
"Ecuador","2018","US$","107562008000"
"Ecuador","2019","US$","108108009000"
"Ecuador","2020","US$","98808010000"
"Egypt","2015","US$","317744560653.816"
"Egypt","2016","US$","270253534711.08594"
"Egypt","2017","US$","195135299312.6969"
"Egypt","2018","US$","249751081602.8962"
"Egypt","2019","US$","317359293187.59875"
"Egypt","2020","US$","369308721388.85175"
"El Salvador","2015","US$","23438237940"
"El Salvador","2016","US$","24191430000"
"El Salvador","2017","US$","24979190000"
"El Salvador","2018","US$","26020853736"
"El Salvador","2019","US$","26896661015"
"El Salvador","2020","US$","24638723391"
"Equatorial Guinea","2015","US$","13175520651.919365"
"Equatorial Guinea","2016","US$","11240814853.385386"
"Equatorial Guinea","2017","US$","12200908721.079203"
"Equatorial Guinea","2018","US$","13097012124.226074"
"Equatorial Guinea","2019","US$","11417277643.201899"
"Equatorial Guinea","2020","US$","10021855908.225632"
"Eritrea","2015","US$","2013196747.9674797"
"Eritrea","2016","US$","2173713029.315961"
"Eritrea","2017","US$","1903966832.504146"
"Eritrea","2018","US$","2005658374.7927032"
"Eritrea","2019","US$","1981857048.092869"
"Eritrea","2020","US$","2083927323.7147596"
"Estonia","2015","US$","22881558191.852272"
"Estonia","2016","US$","24056487770.897976"
"Estonia","2017","US$","26924385103.06593"
"Estonia","2018","US$","30489500904.85645"
"Estonia","2019","US$","31045591753.490147"
"Estonia","2020","US$","30650285471.721485"
"Ethiopia","2015","US$","63078657756.0862"
"Ethiopia","2016","US$","72157653325.82938"
"Ethiopia","2017","US$","76794516911.39987"
"Ethiopia","2018","US$","80210345965.26088"
"Ethiopia","2019","US$","92561902026.12682"
"Ethiopia","2020","US$","96611022698.5283"
"Europe","2015","US$","19212558385655.82"
"Europe","2016","US$","19206432750167.03"
"Europe","2017","US$","20436865261178.28"
"Europe","2018","US$","22043418146671.004"
"Europe","2019","US$","21754850068857.945"
"Europe","2020","US$","21010468780086.684"
"Fiji","2015","US$","4682442417.293751"
"Fiji","2016","US$","4930244731.026035"
"Fiji","2017","US$","5353491804.551001"
"Fiji","2018","US$","5581399254.702095"
"Fiji","2019","US$","5496254429.089188"
"Fiji","2020","US$","4494085848.871183"
"Finland","2015","US$","234440080998.27307"
"Finland","2016","US$","240607907010.38336"
"Finland","2017","US$","255647979916.47104"
"Finland","2018","US$","275715087494.90173"
"Finland","2019","US$","268782471380.39172"
"Finland","2020","US$","269751312854.47546"
"France","2015","US$","2438207896251.8413"
"France","2016","US$","2471285607081.7163"
"France","2017","US$","2595151045197.6514"
"France","2018","US$","2790956878746.6646"
"France","2019","US$","2728870246705.878"
"France","2020","US$","2630317731455.2603"
"French Polynesia","2015","US$","5323704929.989492"
"French Polynesia","2016","US$","5493304899.858336"
"French Polynesia","2017","US$","5833352684.452636"
"French Polynesia","2018","US$","6297506325.91472"
"French Polynesia","2019","US$","6166118531.648529"
"French Polynesia","2020","US$","5816889143.766865"
"Gabon","2015","US$","14372290378.657764"
"Gabon","2016","US$","14023829320.476807"
"Gabon","2017","US$","14929646484.180428"
"Gabon","2018","US$","16867332320.414202"
"Gabon","2019","US$","16874405460.196362"
"Gabon","2020","US$","15111382020.815979"
"Gambia","2015","US$","1378176605.9605782"
"Gambia","2016","US$","1467254799.565887"
"Gambia","2017","US$","1504954083.262841"
"Gambia","2018","US$","1670686435.6454115"
"Gambia","2019","US$","1805852805.946994"
"Gambia","2020","US$","1830414409.2006538"
"Georgia","2015","US$","14953675992.670391"
"Georgia","2016","US$","15141598622.56916"
"Georgia","2017","US$","16242687077.6536"
"Georgia","2018","US$","17599585390.404877"
"Georgia","2019","US$","17476976469.62807"
"Georgia","2020","US$","15891603714.357685"
"Germany","2015","US$","3356235704119.753"
"Germany","2016","US$","3467498002104.3276"
"Germany","2017","US$","3690849152517.6533"
"Germany","2018","US$","3977289455388.2324"
"Germany","2019","US$","3888326788627.445"
"Germany","2020","US$","3846413928653.707"
"Ghana","2015","US$","50033911736.42491"
"Ghana","2016","US$","56165172896.31183"
"Ghana","2017","US$","60403027568.24982"
"Ghana","2018","US$","67277027642.19189"
"Ghana","2019","US$","68353477449.22058"
"Ghana","2020","US$","68532179747.03832"
"Greece","2015","US$","195604861153.88687"
"Greece","2016","US$","193017042817.3689"
"Greece","2017","US$","199844418440.02386"
"Greece","2018","US$","212049459051.6563"
"Greece","2019","US$","205144162906.1173"
"Greece","2020","US$","188835201625.91025"
"Greenland","2015","US$","2499113085.482547"
"Greenland","2016","US$","2707139441.016124"
"Greenland","2017","US$","2851613477.9480386"
"Greenland","2018","US$","3040405232.464504"
"Greenland","2019","US$","2982226434.6889896"
"Greenland","2020","US$","3130216611.9704666"
"Grenada","2015","US$","997007407.4074073"
"Grenada","2016","US$","1061640740.7407407"
"Grenada","2017","US$","1125685185.1851852"
"Grenada","2018","US$","1166514431.8518517"
"Grenada","2019","US$","1213485400"
"Grenada","2020","US$","1043412698.8888888"
"Guatemala","2015","US$","62186064755.19003"
"Guatemala","2016","US$","66053402645.120605"
"Guatemala","2017","US$","71653756545.12634"
"Guatemala","2018","US$","73208928536.57559"
"Guatemala","2019","US$","77020031892.98271"
"Guatemala","2020","US$","77604632254.37569"
"Guinea","2015","US$","8794202415.763079"
"Guinea","2016","US$","8603833167.774721"
"Guinea","2017","US$","10324668257.489805"
"Guinea","2018","US$","11857030364.815025"
"Guinea","2019","US$","13513809311.313925"
"Guinea","2020","US$","15489985799.270107"
"Guinea-Bissau","2015","US$","1047436699.198114"
"Guinea-Bissau","2016","US$","1179004190.6685221"
"Guinea-Bissau","2017","US$","1350177012.3286514"
"Guinea-Bissau","2018","US$","1382453562.709497"
"Guinea-Bissau","2019","US$","1322269761.543983"
"Guinea-Bissau","2020","US$","1314998923.9038339"
"Guyana","2015","US$","4279840193.7046003"
"Guyana","2016","US$","4482697336.561744"
"Guyana","2017","US$","4748174334.140436"
"Guyana","2018","US$","4787637005.53638"
"Guyana","2019","US$","5173764988.009592"
"Guyana","2020","US$","5471270983.213429"
"Haiti","2015","US$","14227616358.967691"
"Haiti","2016","US$","13333355780.896254"
"Haiti","2017","US$","15237360994.48788"
"Haiti","2018","US$","15822214436.74924"
"Haiti","2019","US$","14006805987.201817"
"Haiti","2020","US$","15505186495.441723"
"Honduras","2015","US$","20979791685.416042"
"Honduras","2016","US$","21717608960.101578"
"Honduras","2017","US$","23136248046.297894"
"Honduras","2018","US$","24067750465.936077"
"Honduras","2019","US$","25089937108.6681"
"Honduras","2020","US$","23827859694.792065"
"Hungary","2015","US$","125210324613.14026"
"Hungary","2016","US$","128636108315.47429"
"Hungary","2017","US$","143136245596.9879"
"Hungary","2018","US$","160586833778.45743"
"Hungary","2019","US$","163526491433.28973"
"Hungary","2020","US$","155808436238.48724"
"Iceland","2015","US$","17517210519.091156"
"Iceland","2016","US$","20793168030.952427"
"Iceland","2017","US$","24728285177.460316"
"Iceland","2018","US$","26267063757.54953"
"Iceland","2019","US$","24857740445.040115"
"Iceland","2020","US$","21718075725.20538"
"India","2015","US$","2146758593732.4001"
"India","2016","US$","2290591030769.266"
"India","2017","US$","2624329038244.961"
"India","2018","US$","2761338202694.985"
"India","2019","US$","2889949137793.6265"
"India","2020","US$","2664748748048.3506"
"Indonesia","2015","US$","860854232717.8527"
"Indonesia","2016","US$","931877364033.9022"
"Indonesia","2017","US$","1015618744169.646"
"Indonesia","2018","US$","1042271532953.3597"
"Indonesia","2019","US$","1119091262195.5085"
"Indonesia","2020","US$","1058423840681.0406"
"Iran, Islamic Republic of","2015","US$","417210198857.45764"
"Iran, Islamic Republic of","2016","US$","466083117938.72"
"Iran, Islamic Republic of","2017","US$","503710010468.65936"
"Iran, Islamic Republic of","2018","US$","526365393066.95886"
"Iran, Islamic Republic of","2019","US$","653592818881.2881"
"Iran, Islamic Republic of","2020","US$","939316236394.1428"
"Iraq","2015","US$","166774104911.4796"
"Iraq","2016","US$","166602488747.88495"
"Iraq","2017","US$","187217652027.02704"
"Iraq","2018","US$","227367469034.03085"
"Iraq","2019","US$","235097208121.82742"
"Iraq","2020","US$","166756984395.97314"
"Ireland","2015","US$","291462799652.79614"
"Ireland","2016","US$","298725229188.0289"
"Ireland","2017","US$","335430830073.0113"
"Ireland","2018","US$","385041711266.5005"
"Ireland","2019","US$","399122063647.4411"
"Ireland","2020","US$","425888951413.4731"
"Israel","2015","US$","300078258565.2419"
"Israel","2016","US$","319024633430.83026"
"Israel","2017","US$","355277447979.6425"
"Israel","2018","US$","373641290458.23846"
"Israel","2019","US$","397934603685.57086"
"Israel","2020","US$","407100854534.83527"
"Italy","2015","US$","1835899237320.0383"
"Italy","2016","US$","1875797463583.867"
"Italy","2017","US$","1961796197354.3564"
"Italy","2018","US$","2091932426266.979"
"Italy","2019","US$","2009383867307.4478"
"Italy","2020","US$","1888709443687.476"
"Jamaica","2015","US$","14197703107.252613"
"Jamaica","2016","US$","14077102516.279318"
"Jamaica","2017","US$","14808985267.272623"
"Jamaica","2018","US$","15730792204.116467"
"Jamaica","2019","US$","15830762951.818346"
"Jamaica","2020","US$","13812421859.402554"
"Japan","2015","US$","4444930651964.18"
"Japan","2016","US$","5003677627544.24"
"Japan","2017","US$","4930837369151.422"
"Japan","2018","US$","5036891740656.35"
"Japan","2019","US$","5148781948478.173"
"Japan","2020","US$","5057758958706.642"
"Jordan","2015","US$","38587017943.66197"
"Jordan","2016","US$","39892551149.29578"
"Jordan","2017","US$","41408450704.22536"
"Jordan","2018","US$","42932394366.19718"
"Jordan","2019","US$","44502816901.408455"
"Jordan","2020","US$","43697183098.59155"
"Kazakhstan","2015","US$","184388404428.84338"
"Kazakhstan","2016","US$","137278320084.17114"
"Kazakhstan","2017","US$","166805788966.78015"
"Kazakhstan","2018","US$","179339977517.06183"
"Kazakhstan","2019","US$","181667115805.19965"
"Kazakhstan","2020","US$","171082285326.8329"
"Kenya","2015","US$","70120446663.62561"
"Kenya","2016","US$","74815143796.39775"
"Kenya","2017","US$","82064798407.00848"
"Kenya","2018","US$","92202979940.67096"
"Kenya","2019","US$","100554205721.05298"
"Kenya","2020","US$","101013745357.12752"
"Kingdom of Eswatini","2015","US$","4058639148.241402"
"Kingdom of Eswatini","2016","US$","3816015731.8118005"
"Kingdom of Eswatini","2017","US$","4401526104.823131"
"Kingdom of Eswatini","2018","US$","4665138448.052162"
"Kingdom of Eswatini","2019","US$","4471045112.107328"
"Kingdom of Eswatini","2020","US$","3835240301.4925027"
"Kiribati","2015","US$","170292247.93661183"
"Kiribati","2016","US$","178507959.53708145"
"Kiribati","2017","US$","188197758.942452"
"Kiribati","2018","US$","196229126.94999528"
"Kiribati","2019","US$","177934613.52648112"
"Kiribati","2020","US$","180913807.91014442"
"Kosovo","2015","US$","6293312928.061985"
"Kosovo","2016","US$","6678139834.773665"
"Kosovo","2017","US$","7180768692.263542"
"Kosovo","2018","US$","7878763993.156073"
"Kosovo","2019","US$","7899204690.792144"
"Kosovo","2020","US$","7734496313.557998"
"Kuwait","2015","US$","114584570271.71413"
"Kuwait","2016","US$","109406500138.0328"
"Kuwait","2017","US$","120687750671.52284"
"Kuwait","2018","US$","138202359925.92978"
"Kuwait","2019","US$","136191632700.70694"
"Kuwait","2020","US$","105948765175.62212"
"Kyrgyzstan","2015","US$","6678177483.429494"
"Kyrgyzstan","2016","US$","6813095396.143171"
"Kyrgyzstan","2017","US$","7702938395.184576"
"Kyrgyzstan","2018","US$","8271106196.042527"
"Kyrgyzstan","2019","US$","8871019822.760983"
"Kyrgyzstan","2020","US$","7735934995.083411"
"Lao People's Democratic Republic","2015","US$","14390446134.06288"
"Lao People's Democratic Republic","2016","US$","15805692481.45872"
"Lao People's Democratic Republic","2017","US$","17071172710.012325"
"Lao People's Democratic Republic","2018","US$","18141664419.120987"
"Lao People's Democratic Republic","2019","US$","18740561512.34668"
"Lao People's Democratic Republic","2020","US$","19082030572.788177"
"Latin America and the Caribbean","2015","US$","5510049954006.256"
"Latin America and the Caribbean","2016","US$","5283704100128.879"
"Latin America and the Caribbean","2017","US$","5798117825742.133"
"Latin America and the Caribbean","2018","US$","5624710533604.81"
"Latin America and the Caribbean","2019","US$","5506823699444.198"
"Latin America and the Caribbean","2020","US$","4599337780395.378"
"Latvia","2015","US$","27252128626.628056"
"Latvia","2016","US$","28064533352.284904"
"Latvia","2017","US$","30483806017.831818"
"Latvia","2018","US$","34429023435.02115"
"Latvia","2019","US$","34308783825.301907"
"Latvia","2020","US$","33707320816.303596"
"Lebanon","2015","US$","50065946086.169815"
"Lebanon","2016","US$","51389318290.86434"
"Lebanon","2017","US$","53324800958.61161"
"Lebanon","2018","US$","55276157552.2461"
"Lebanon","2019","US$","53556297820.573135"
"Lebanon","2020","US$","63545998163.26766"
"Lesotho","2015","US$","2359686744.791926"
"Lesotho","2016","US$","2131522807.6393352"
"Lesotho","2017","US$","2304459266.9161906"
"Lesotho","2018","US$","2512815653.144273"
"Lesotho","2019","US$","2453706773.838845"
"Lesotho","2020","US$","2273495415.894487"
"Liberia","2015","US$","2669000000"
"Liberia","2016","US$","2757000000"
"Liberia","2017","US$","2763000000"
"Liberia","2018","US$","2744956787"
"Liberia","2019","US$","2582242493"
"Liberia","2020","US$","2480889253"
"Libya","2015","US$","48522032948.26493"
"Libya","2016","US$","49806993462.245476"
"Libya","2017","US$","66121849983.73546"
"Libya","2018","US$","76231112808.127"
"Libya","2019","US$","59830238583.4571"
"Libya","2020","US$","29153292137.77089"
"Liechtenstein","2015","US$","6268513139.702879"
"Liechtenstein","2016","US$","6237299538.029336"
"Liechtenstein","2017","US$","6474310909.506358"
"Liechtenstein","2018","US$","6839261670.615107"
"Liechtenstein","2019","US$","6684164862.538855"
"Liechtenstein","2020","US$","6871700088.584334"
"Lithuania","2015","US$","41418872976.11961"
"Lithuania","2016","US$","43018087237.57409"
"Lithuania","2017","US$","47758736931.78008"
"Lithuania","2018","US$","53750911865.68702"
"Lithuania","2019","US$","54697379017.333244"
"Lithuania","2020","US$","56546957475.4912"
"Luxembourg","2015","US$","60047430684.26389"
"Luxembourg","2016","US$","62174650367.22158"
"Luxembourg","2017","US$","65712180342.98364"
"Luxembourg","2018","US$","71285019397.41328"
"Luxembourg","2019","US$","70195715495.51361"
"Luxembourg","2020","US$","73353132793.7076"
"Madagascar","2015","US$","11323020699.921324"
"Madagascar","2016","US$","11848613859.52541"
"Madagascar","2017","US$","13176313593.541948"
"Madagascar","2018","US$","13760033282.598091"
"Madagascar","2019","US$","14104664677.964672"
"Madagascar","2020","US$","13008307332.080198"
"Malawi","2015","US$","8215964597.239496"
"Malawi","2016","US$","7123811133.429433"
"Malawi","2017","US$","8943543793.583902"
"Malawi","2018","US$","9877060546.559402"
"Malawi","2019","US$","11146123699.344997"
"Malawi","2020","US$","11762387764.503536"
"Malaysia","2015","US$","301354783724.32477"
"Malaysia","2016","US$","301255332112.9692"
"Malaysia","2017","US$","319109103242.0553"
"Malaysia","2018","US$","358712377998.22815"
"Malaysia","2019","US$","364684031842.5892"
"Malaysia","2020","US$","336664428283.95013"
"Maldives","2015","US$","4109416451.9171476"
"Maldives","2016","US$","4379134275.285464"
"Maldives","2017","US$","4754185598.38677"
"Maldives","2018","US$","5300958484.904981"
"Maldives","2019","US$","5607747338.914666"
"Maldives","2020","US$","3742777384.2521205"
"Mali","2015","US$","13094849231.942492"
"Mali","2016","US$","14026048334.21305"
"Mali","2017","US$","15365713059.105669"
"Mali","2018","US$","17070867577.70978"
"Mali","2019","US$","17281795532.30876"
"Mali","2020","US$","17331942492.55986"
"Malta","2015","US$","11087007865.815626"
"Malta","2016","US$","11688152012.363188"
"Malta","2017","US$","13510309061.882376"
"Malta","2018","US$","15328317155.45097"
"Malta","2019","US$","15725930123.921543"
"Malta","2020","US$","14911255982.723776"
"Marshall Islands","2015","US$","184247498"
"Marshall Islands","2016","US$","201698090"
"Marshall Islands","2017","US$","213061630"
"Marshall Islands","2018","US$","221794250"
"Marshall Islands","2019","US$","239641510"
"Marshall Islands","2020","US$","244462448"
"Mauritania","2015","US$","6166863960.000609"
"Mauritania","2016","US$","6398747531.601419"
"Mauritania","2017","US$","6800135961.614119"
"Mauritania","2018","US$","7352533586.462055"
"Mauritania","2019","US$","7889655285.2892475"
"Mauritania","2020","US$","7915985514.562925"
"Mauritius","2015","US$","11692287066.381035"
"Mauritius","2016","US$","12232469391.745806"
"Mauritius","2017","US$","13259348213.97716"
"Mauritius","2018","US$","14181930162.41607"
"Mauritius","2019","US$","14045808216.561544"
"Mauritius","2020","US$","10920598908.631601"
"Melanesia","2015","US$","36971218417.69908"
"Melanesia","2016","US$","36341608411.34436"
"Melanesia","2017","US$","39366028817.82436"
"Melanesia","2018","US$","41849037040.04513"
"Melanesia","2019","US$","41983956259.37738"
"Melanesia","2020","US$","39943323343.62622"
"Mexico","2015","US$","1171870072962.7612"
"Mexico","2016","US$","1078493059306.9497"
"Mexico","2017","US$","1158912015259.013"
"Mexico","2018","US$","1222346160728.6277"
"Mexico","2019","US$","1268868331536.6282"
"Mexico","2020","US$","1073438817378.9216"
"Micronesia","2015","US$","1054207627.0757618"
"Micronesia","2016","US$","1127389196.134231"
"Micronesia","2017","US$","1184233647.166819"
"Micronesia","2018","US$","1243490495.1790986"
"Micronesia","2019","US$","1238912690.9610982"
"Micronesia","2020","US$","1226926890.2599893"
"Micronesia (Federated States of)","2015","US$","316489947"
"Micronesia (Federated States of)","2016","US$","332265162"
"Micronesia (Federated States of)","2017","US$","366666809"
"Micronesia (Federated States of)","2018","US$","401932279"
"Micronesia (Federated States of)","2019","US$","408060600"
"Micronesia (Federated States of)","2020","US$","402564767"
"Middle Africa","2015","US$","238018263335.77368"
"Middle Africa","2016","US$","222086822583.0281"
"Middle Africa","2017","US$","245762759100.11316"
"Middle Africa","2018","US$","244526139740.61356"
"Middle Africa","2019","US$","230482389978.37173"
"Middle Africa","2020","US$","196682558659.13498"
"Monaco","2015","US$","6259130741.324886"
"Monaco","2016","US$","6468453292.58168"
"Monaco","2017","US$","6431276067.328246"
"Monaco","2018","US$","7194313464.090975"
"Monaco","2019","US$","7383941919.215674"
"Monaco","2020","US$","6816169499.766556"
"Mongolia","2015","US$","11749628125.196913"
"Mongolia","2016","US$","11186734862.604553"
"Mongolia","2017","US$","11425755103.644571"
"Mongolia","2018","US$","13108759987.764212"
"Mongolia","2019","US$","13996719189.411242"
"Mongolia","2020","US$","13137128494.516472"
"Montenegro","2015","US$","4053084542.4613333"
"Montenegro","2016","US$","4373945079.949512"
"Montenegro","2017","US$","4856612345.764714"
"Montenegro","2018","US$","5506908974.666663"
"Montenegro","2019","US$","5542182455.686266"
"Montenegro","2020","US$","4789456724.046706"
"Montserrat","2015","US$","61337037.03703703"
"Montserrat","2016","US$","62692592.59259259"
"Montserrat","2017","US$","60099999.99999999"
"Montserrat","2018","US$","62859259.259259254"
"Montserrat","2019","US$","65529629.62962963"
"Montserrat","2020","US$","67507407.4074074"
"Morocco","2015","US$","101179307796.08336"
"Morocco","2016","US$","103311901731.43599"
"Morocco","2017","US$","109682751914.88403"
"Morocco","2018","US$","118096196940.00575"
"Morocco","2019","US$","119870737017.36057"
"Morocco","2020","US$","114724493617.04039"
"Mozambique","2015","US$","15950978853.172867"
"Mozambique","2016","US$","11936993385.231375"
"Mozambique","2017","US$","13219079579.62823"
"Mozambique","2018","US$","14845400591.925259"
"Mozambique","2019","US$","15390031040.731176"
"Mozambique","2020","US$","14028811071.21572"
"Myanmar","2015","US$","63835168841.0464"
"Myanmar","2016","US$","66970657615.09386"
"Myanmar","2017","US$","68209182342.67872"
"Myanmar","2018","US$","73617228764.72122"
"Myanmar","2019","US$","74278687001.95483"
"Myanmar","2020","US$","89260839926.22064"
"Namibia","2015","US$","11335161746.388136"
"Namibia","2016","US$","10722018742.224"
"Namibia","2017","US$","12887501267.567547"
"Namibia","2018","US$","13681021747.74078"
"Namibia","2019","US$","12565519202.042994"
"Namibia","2020","US$","10710346885.895445"
"Nauru","2015","US$","104353153.13914995"
"Nauru","2016","US$","118168203.59714971"
"Nauru","2017","US$","128743386.22436704"
"Nauru","2018","US$","138203620.2291032"
"Nauru","2019","US$","132846561.4346171"
"Nauru","2020","US$","135412204.34984496"
"Nepal","2015","US$","23667157888.8393"
"Nepal","2016","US$","24288431487.38875"
"Nepal","2017","US$","29443014181.19462"
"Nepal","2018","US$","31731890060.925518"
"Nepal","2019","US$","34268254394.31808"
"Nepal","2020","US$","33078667232.734615"
"Netherlands","2015","US$","765264949780.9987"
"Netherlands","2016","US$","783528181704.5667"
"Netherlands","2017","US$","833869641687.0603"
"Netherlands","2018","US$","914043438179.6072"
"Netherlands","2019","US$","910194347568.626"
"Netherlands","2020","US$","913865395789.8857"
"New Caledonia","2015","US$","8734689592.2442"
"New Caledonia","2016","US$","8718646418.18162"
"New Caledonia","2017","US$","9174048668.858744"
"New Caledonia","2018","US$","9846920284.005869"
"New Caledonia","2019","US$","9438127994.09412"
"New Caledonia","2020","US$","9708737831.154383"
"New Zealand","2015","US$","178064471137.9208"
"New Zealand","2016","US$","188838342527.9755"
"New Zealand","2017","US$","206623758800.15918"
"New Zealand","2018","US$","211953111035.51318"
"New Zealand","2019","US$","213434571357.984"
"New Zealand","2020","US$","212043859127.68155"
"Nicaragua","2015","US$","12756696289.622921"
"Nicaragua","2016","US$","13286093197.482086"
"Nicaragua","2017","US$","13785892848.735928"
"Nicaragua","2018","US$","13025221836.439308"
"Nicaragua","2019","US$","12611205561.858198"
"Nicaragua","2020","US$","12621465937.811886"
"Niger","2015","US$","9676541051.63021"
"Niger","2016","US$","10398863668.115334"
"Niger","2017","US$","11185105960.648613"
"Niger","2018","US$","12808662634.012615"
"Niger","2019","US$","12916460168.0482"
"Niger","2020","US$","13741378260.225924"
"Nigeria","2015","US$","494582603948.9755"
"Nigeria","2016","US$","404649125398.8293"
"Nigeria","2017","US$","375769719405.08044"
"Nigeria","2018","US$","421821319412.6506"
"Nigeria","2019","US$","474516650002.453"
"Nigeria","2020","US$","429898765802.36646"
"Northern Africa","2015","US$","760531480695.3732"
"Northern Africa","2016","US$","714878620896.8489"
"Northern Africa","2017","US$","702911688780.291"
"Northern Africa","2018","US$","707628003013.8146"
"Northern Africa","2019","US$","742309136245.688"
"Northern Africa","2020","US$","762150696550.1799"
"Northern America","2015","US$","19771305398702.707"
"Northern America","2016","US$","20232957774401.93"
"Northern America","2017","US$","21139135896945.79"
"Northern America","2018","US$","22259329396078.785"
"Northern America","2019","US$","23124545128966.492"
"Northern America","2020","US$","22548632544005.227"
"Northern Europe","2015","US$","4785124831966.299"
"Northern Europe","2016","US$","4575707901402.426"
"Northern Europe","2017","US$","4691524507175.492"
"Northern Europe","2018","US$","5055781021767.195"
"Northern Europe","2019","US$","4978438820882.871"
"Northern Europe","2020","US$","4862131376857.435"
"Norway","2015","US$","385801550067.1694"
"Norway","2016","US$","368819929542.19415"
"Norway","2017","US$","398393955268.99036"
"Norway","2018","US$","436999692591.45404"
"Norway","2019","US$","405509999999.99994"
"Norway","2020","US$","362522347110.3639"
"Oceania","2015","US$","1470575347538.7349"
"Oceania","2016","US$","1543497181513.2769"
"Oceania","2017","US$","1671467003336.5413"
"Oceania","2018","US$","1722019205988.65"
"Oceania","2019","US$","1644790844887.9912"
"Oceania","2020","US$","1684100399626.5286"
"Oman","2015","US$","68399663321.19636"
"Oman","2016","US$","65480507170.351105"
"Oman","2017","US$","70598026283.48505"
"Oman","2018","US$","79788768970.09102"
"Oman","2019","US$","76331518668.40051"
"Oman","2020","US$","63367601872.56177"
"Pakistan","2015","US$","267035292423.79694"
"Pakistan","2016","US$","277521027410.7614"
"Pakistan","2017","US$","302709723377.84955"
"Pakistan","2018","US$","284149941136.04865"
"Pakistan","2019","US$","253087564026.54807"
"Pakistan","2020","US$","257829183030.4443"
"Palau","2015","US$","278824781"
"Palau","2016","US$","296749781"
"Palau","2017","US$","287564063"
"Palau","2018","US$","285331219"
"Palau","2019","US$","280429406"
"Palau","2020","US$","263573663"
"Panama","2015","US$","54091713776"
"Panama","2016","US$","57907695409"
"Panama","2017","US$","62202725204"
"Panama","2018","US$","64928273258"
"Panama","2019","US$","66787866841"
"Panama","2020","US$","52938074266"
"Papua New Guinea","2015","US$","21723439634.76046"
"Papua New Guinea","2016","US$","20758874954.17636"
"Papua New Guinea","2017","US$","22742696403.11888"
"Papua New Guinea","2018","US$","24215853485.576775"
"Papua New Guinea","2019","US$","24828833504.190918"
"Papua New Guinea","2020","US$","23619098121.514954"
"Paraguay","2015","US$","36211447840.102715"
"Paraguay","2016","US$","36089700024.46747"
"Paraguay","2017","US$","38997129809.17518"
"Paraguay","2018","US$","40225448651.30811"
"Paraguay","2019","US$","37906944205.54831"
"Paraguay","2020","US$","35304238098.74636"
"Peru","2015","US$","189802961890.09708"
"Peru","2016","US$","191898127860.84256"
"Peru","2017","US$","211007952315.88757"
"Peru","2018","US$","222574514539.8356"
"Peru","2019","US$","228473278307.51996"
"Peru","2020","US$","203195587020.33295"
"Philippines","2015","US$","306445871631.19946"
"Philippines","2016","US$","318627003965.42"
"Philippines","2017","US$","328480738147.61615"
"Philippines","2018","US$","346841896889.76776"
"Philippines","2019","US$","376823404772.48975"
"Philippines","2020","US$","361489354349.75525"
"Poland","2015","US$","477811911394.0841"
"Poland","2016","US$","472632362079.2422"
"Poland","2017","US$","526504233550.89124"
"Poland","2018","US$","587409034484.9858"
"Poland","2019","US$","597284453849.9105"
"Poland","2020","US$","596617981105.5856"
"Polynesia","2015","US$","6851051065.165662"
"Polynesia","2016","US$","7085254734.35721"
"Polynesia","2017","US$","7509263320.378355"
"Polynesia","2018","US$","8020878473.694562"
"Polynesia","2019","US$","7925571680.937242"
"Polynesia","2020","US$","7413588144.326992"
"Portugal","2015","US$","199313894327.4855"
"Portugal","2016","US$","206286022781.89377"
"Portugal","2017","US$","221357874718.92978"
"Portugal","2018","US$","242313116577.9669"
"Portugal","2019","US$","239986922638.90158"
"Portugal","2020","US$","228539245045.3407"
"Puerto Rico","2015","US$","103375500000"
"Puerto Rico","2016","US$","104336700000"
"Puerto Rico","2017","US$","103445526000"
"Puerto Rico","2018","US$","100925000000"
"Puerto Rico","2019","US$","104914600000"
"Puerto Rico","2020","US$","103138300000"
"Qatar","2015","US$","161739955577.74725"
"Qatar","2016","US$","151732181857.14285"
"Qatar","2017","US$","161099122215.3846"
"Qatar","2018","US$","183334953813.1868"
"Qatar","2019","US$","175837550996.15384"
"Qatar","2020","US$","146400519343.4066"
"Republic of Korea","2015","US$","1465773245547.1497"
"Republic of Korea","2016","US$","1500111550980.9868"
"Republic of Korea","2017","US$","1623901466309.291"
"Republic of Korea","2018","US$","1724755498917.5942"
"Republic of Korea","2019","US$","1651222574475.394"
"Republic of Korea","2020","US$","1637895756535.079"
"Republic of Moldova","2015","US$","7745241912.944551"
"Republic of Moldova","2016","US$","8071469355.260026"
"Republic of Moldova","2017","US$","9669741742.651405"
"Republic of Moldova","2018","US$","11457443169.09368"
"Republic of Moldova","2019","US$","11971345020.230452"
"Republic of Moldova","2020","US$","11914353626.605875"
"Republic of North Macedonia","2015","US$","10064513038.488253"
"Republic of North Macedonia","2016","US$","10672464611.852585"
"Republic of North Macedonia","2017","US$","11307061189.956188"
"Republic of North Macedonia","2018","US$","12683068033.104256"
"Republic of North Macedonia","2019","US$","12547045163.356823"
"Republic of North Macedonia","2020","US$","12263699877.28169"
"Romania","2015","US$","177730689856.03714"
"Romania","2016","US$","188129590927.5677"
"Romania","2017","US$","211695857898.12424"
"Romania","2018","US$","241456382110.5551"
"Romania","2019","US$","249880118218.2318"
"Romania","2020","US$","248716039734.605"
"Russian Federation","2015","US$","1363482200818.9246"
"Russian Federation","2016","US$","1276786364253.087"
"Russian Federation","2017","US$","1574199379404.8103"
"Russian Federation","2018","US$","1657327992388.211"
"Russian Federation","2019","US$","1687449693108.358"
"Russian Federation","2020","US$","1483497644259.068"
"Rwanda","2015","US$","8525953148.932486"
"Rwanda","2016","US$","8690996220.883804"
"Rwanda","2017","US$","9252814353.101902"
"Rwanda","2018","US$","9641230420.266018"
"Rwanda","2019","US$","10357474540.55202"
"Rwanda","2020","US$","10332054285.522806"
"Saint Kitts and Nevis","2015","US$","923155555.5555555"
"Saint Kitts and Nevis","2016","US$","971170370.3703703"
"Saint Kitts and Nevis","2017","US$","996944444.4444444"
"Saint Kitts and Nevis","2018","US$","1010822222.2222222"
"Saint Kitts and Nevis","2019","US$","1044711111.111111"
"Saint Kitts and Nevis","2020","US$","927451851.8518518"
"Saint Lucia","2015","US$","1809977777.7777777"
"Saint Lucia","2016","US$","1865514814.8148148"
"Saint Lucia","2017","US$","1996770370.3703701"
"Saint Lucia","2018","US$","2065125925.9259257"
"Saint Lucia","2019","US$","2118792592.5925925"
"Saint Lucia","2020","US$","1616774074.074074"
"Saint Vincent and the Grenadines","2015","US$","755400000"
"Saint Vincent and the Grenadines","2016","US$","774429629.6296296"
"Saint Vincent and the Grenadines","2017","US$","792177777.7777777"
"Saint Vincent and the Grenadines","2018","US$","811300000"
"Saint Vincent and the Grenadines","2019","US$","824718518.5185184"
"Saint Vincent and the Grenadines","2020","US$","809681481.4814814"
"Samoa","2015","US$","786885444.7469528"
"Samoa","2016","US$","821637502.4434452"
"Samoa","2017","US$","825065062.4218237"
"Samoa","2018","US$","834769076.505232"
"Samoa","2019","US$","847239531.8916224"
"Samoa","2020","US$","771829936.5287598"
"San Marino","2015","US$","1418829692.1835124"
"San Marino","2016","US$","1467345667.2060208"
"San Marino","2017","US$","1528621195.145365"
"San Marino","2018","US$","1655354303.9917972"
"San Marino","2019","US$","1616231660.2254405"
"San Marino","2020","US$","1555132345.9018517"
"Sao Tome and Principe","2015","US$","318257372.15758055"
"Sao Tome and Principe","2016","US$","347547472.88946223"
"Sao Tome and Principe","2017","US$","378598870.97147334"
"Sao Tome and Principe","2018","US$","415355830.59586614"
"Sao Tome and Principe","2019","US$","430633136.0467751"
"Sao Tome and Principe","2020","US$","476462167.7310494"
"Saudi Arabia","2015","US$","654269739552"
"Saudi Arabia","2016","US$","644935682011.4667"
"Saudi Arabia","2017","US$","688586094412.8"
"Saudi Arabia","2018","US$","786521889855.2"
"Saudi Arabia","2019","US$","792966838190.4"
"Saudi Arabia","2020","US$","700117923268.2667"
"Senegal","2015","US$","17761402705.027443"
"Senegal","2016","US$","19040319081.013165"
"Senegal","2017","US$","20996569847.252388"
"Senegal","2018","US$","23116701539.564644"
"Senegal","2019","US$","23306213218.074947"
"Senegal","2020","US$","24412490299.000668"
"Serbia","2015","US$","39655949761.13951"
"Serbia","2016","US$","40692661514.29957"
"Serbia","2017","US$","44179075314.927734"
"Serbia","2018","US$","50640663277.99605"
"Serbia","2019","US$","51514242775.524086"
"Serbia","2020","US$","53335020733.71526"
"Seychelles","2015","US$","1377492465.595232"
"Seychelles","2016","US$","1425708688.1387243"
"Seychelles","2017","US$","1528270953.710015"
"Seychelles","2018","US$","1547733407.4547057"
"Seychelles","2019","US$","1582869256.943331"
"Seychelles","2020","US$","1058881170.5076565"
"Sierra Leone","2015","US$","4248107973.577952"
"Sierra Leone","2016","US$","3862721373.054837"
"Sierra Leone","2017","US$","3739577961.8517466"
"Sierra Leone","2018","US$","4085114768.6065025"
"Sierra Leone","2019","US$","4121733685.159624"
"Sierra Leone","2020","US$","3786610510.556261"
"Singapore","2015","US$","307998545269.39795"
"Singapore","2016","US$","318753109986.76794"
"Singapore","2017","US$","343331535021.8151"
"Singapore","2018","US$","375969924812.0291"
"Singapore","2019","US$","374397742197.57086"
"Singapore","2020","US$","339988210353.3866"
"Sint Maarten (Dutch part)","2015","US$","1066424581.0055866"
"Sint Maarten (Dutch part)","2016","US$","1072067039.1061453"
"Sint Maarten (Dutch part)","2017","US$","1014000000"
"Sint Maarten (Dutch part)","2018","US$","979522231.8435754"
"Sint Maarten (Dutch part)","2019","US$","1083839581.5642457"
"Sint Maarten (Dutch part)","2020","US$","857523975.4189944"
"Slovakia","2015","US$","88601289843.09174"
"Slovakia","2016","US$","89614053143.79391"
"Slovakia","2017","US$","95393515077.74722"
"Slovakia","2018","US$","105612792516.58188"
"Slovakia","2019","US$","105284375640.69788"
"Slovakia","2020","US$","105172564491.56917"
"Slovenia","2015","US$","43090173394.69132"
"Slovenia","2016","US$","44736333522.45219"
"Slovenia","2017","US$","48589100043.095375"
"Slovenia","2018","US$","54163591695.31996"
"Slovenia","2019","US$","54178877605.999916"
"Slovenia","2020","US$","53589609580.70988"
"Solomon Islands","2015","US$","1070957507.6479629"
"Solomon Islands","2016","US$","1129514121.7423186"
"Solomon Islands","2017","US$","1215744949.758852"
"Solomon Islands","2018","US$","1290162876.5945637"
"Solomon Islands","2019","US$","1286500630.7544649"
"Solomon Islands","2020","US$","1266607902.0267684"
"Somalia","2015","US$","1454779236.63874"
"Somalia","2016","US$","1508539105.4999137"
"Somalia","2017","US$","1620100288.1942606"
"Somalia","2018","US$","1672044913.1361318"
"Somalia","2019","US$","1831616155.3452263"
"Somalia","2020","US$","1873157199.715103"
"South Africa","2015","US$","317415638821.40894"
"South Africa","2016","US$","296340998648.91956"
"South Africa","2017","US$","349006689642.2433"
"South Africa","2018","US$","368093932370.0978"
"South Africa","2019","US$","351430991183.3917"
"South Africa","2020","US$","302141243646.61456"
"South America","2015","US$","3753650424785.1323"
"South America","2016","US$","3601746204235.6616"
"South America","2017","US$","4008176435745.3784"
"South America","2018","US$","3754098003718.458"
"South America","2019","US$","3570172158500.723"
"South America","2020","US$","2895546362831.1123"
"South Sudan","2015","US$","6230859385.992983"
"South Sudan","2016","US$","3276386147.7378488"
"South Sudan","2017","US$","3571364985.2042503"
"South Sudan","2018","US$","8093437176.581831"
"South Sudan","2019","US$","16442376642.67424"
"South Sudan","2020","US$","15903041902.0941"
"South-Eastern Asia","2015","US$","2481991018106.2227"
"South-Eastern Asia","2016","US$","2604999318985.5723"
"South-Eastern Asia","2017","US$","2807878131485.891"
"South-Eastern Asia","2018","US$","3007101701296.008"
"South-Eastern Asia","2019","US$","3176815793127.929"
"South-Eastern Asia","2020","US$","3017058939565.2803"
"Southern Africa","2015","US$","349589697652.54596"
"Southern Africa","2016","US$","328656972043.3535"
"Southern Africa","2017","US$","386005672988.22675"
"Southern Africa","2018","US$","407616189256.4885"
"Southern Africa","2019","US$","389283667473.28613"
"Southern Africa","2020","US$","334742001327.5148"
"Southern Asia","2015","US$","3154567361644.7305"
"Southern Asia","2016","US$","3385758164231.504"
"Southern Asia","2017","US$","3819354296690.1055"
"Southern Asia","2018","US$","3987342782245.0176"
"Southern Asia","2019","US$","4242982606374.1895"
"Southern Asia","2020","US$","4331152772970.698"
"Southern Europe","2015","US$","3622150625826.868"
"Southern Europe","2016","US$","3711449702516.7314"
"Southern Europe","2017","US$","3917004251177.418"
"Southern Europe","2018","US$","4215952237820.761"
"Southern Europe","2019","US$","4097588987468.556"
"Southern Europe","2020","US$","3830526307286.2993"
"Spain","2015","US$","1195119269971.5168"
"Spain","2016","US$","1232076017361.5305"
"Spain","2017","US$","1312539279462.3552"
"Spain","2018","US$","1420994142512.1558"
"Spain","2019","US$","1393046093137.2527"
"Spain","2020","US$","1281484640043.5833"
"Sri Lanka","2015","US$","80604076557.7785"
"Sri Lanka","2016","US$","82401055068.67522"
"Sri Lanka","2017","US$","87428117557.94534"
"Sri Lanka","2018","US$","87963065435.30016"
"Sri Lanka","2019","US$","83990932867.87965"
"Sri Lanka","2020","US$","80676699430.89583"
"State of Palestine","2015","US$","13972400000"
"State of Palestine","2016","US$","15405400000"
"State of Palestine","2017","US$","16128000000"
"State of Palestine","2018","US$","16276600000"
"State of Palestine","2019","US$","17133500000"
"State of Palestine","2020","US$","15561300000"
"Sub-Saharan Africa","2015","US$","1597872024132.9849"
"Sub-Saharan Africa","2016","US$","1496950048658.764"
"Sub-Saharan Africa","2017","US$","1595213129175.2869"
"Sub-Saharan Africa","2018","US$","1719383881531.0469"
"Sub-Saharan Africa","2019","US$","1778696501614.456"
"Sub-Saharan Africa","2020","US$","1652443458759.936"
"Sudan","2015","US$","83933478922.52324"
"Sudan","2016","US$","89671343051.45842"
"Sudan","2017","US$","122072659960.55875"
"Sudan","2018","US$","48363451728.92161"
"Sudan","2019","US$","34895362080.4559"
"Sudan","2020","US$","62057377922.76635"
"Suriname","2015","US$","5126238146.341458"
"Suriname","2016","US$","3140683444.891053"
"Suriname","2017","US$","3392950425.490844"
"Suriname","2018","US$","3771430990.4133067"
"Suriname","2019","US$","3977099088.2274065"
"Suriname","2020","US$","4119779981.4462156"
"Sweden","2015","US$","505103781349.7569"
"Sweden","2016","US$","515654671469.54694"
"Sweden","2017","US$","541018749769.0971"
"Sweden","2018","US$","555455371487.0894"
"Sweden","2019","US$","533879529188.45374"
"Sweden","2020","US$","541063604339.7146"
"Switzerland","2015","US$","702149580770.9009"
"Switzerland","2016","US$","695600652899.283"
"Switzerland","2017","US$","704478516963.8549"
"Switzerland","2018","US$","735539301552.6736"
"Switzerland","2019","US$","731718481695.7212"
"Switzerland","2020","US$","752248045730.1104"
"Syrian Arab Republic","2015","US$","19966555452.036465"
"Syrian Arab Republic","2016","US$","13289928684.068077"
"Syrian Arab Republic","2017","US$","16883861330.698856"
"Syrian Arab Republic","2018","US$","22092550691.24424"
"Syrian Arab Republic","2019","US$","26596715330.7468"
"Syrian Arab Republic","2020","US$","15572352319.526705"
"Tajikistan","2015","US$","8271431932.436777"
"Tajikistan","2016","US$","6992416096.890184"
"Tajikistan","2017","US$","7536403146.683766"
"Tajikistan","2018","US$","7765000282.293973"
"Tajikistan","2019","US$","8300813889.636983"
"Tajikistan","2020","US$","7996848138.229781"
"Thailand","2015","US$","401296183735.8497"
"Thailand","2016","US$","413366345843.7435"
"Thailand","2017","US$","456356812774.56287"
"Thailand","2018","US$","506610852246.13336"
"Thailand","2019","US$","544263738706.2542"
"Thailand","2020","US$","501795391454.2352"
"Timor-Leste","2015","US$","1594410884"
"Timor-Leste","2016","US$","1650618495"
"Timor-Leste","2017","US$","1615609697"
"Timor-Leste","2018","US$","1583876223"
"Timor-Leste","2019","US$","2047931733"
"Timor-Leste","2020","US$","1902156815"
"Togo","2015","US$","5345703674.099851"
"Togo","2016","US$","6071167583.549445"
"Togo","2017","US$","6387424244.413805"
"Togo","2018","US$","6973511022.412473"
"Togo","2019","US$","6894331919.233743"
"Togo","2020","US$","7145736990.847542"
"Tonga","2015","US$","403249057.0798629"
"Tonga","2016","US$","420908335.314252"
"Tonga","2017","US$","461324081.3459169"
"Tonga","2018","US$","479850036.3364738"
"Tonga","2019","US$","508414737.1713768"
"Tonga","2020","US$","491070206.26798284"
"Trinidad and Tobago","2015","US$","25191551350.55461"
"Trinidad and Tobago","2016","US$","22373566809.950558"
"Trinidad and Tobago","2017","US$","23180107751.944275"
"Trinidad and Tobago","2018","US$","23820910630.18318"
"Trinidad and Tobago","2019","US$","23886519296.21375"
"Trinidad and Tobago","2020","US$","21392536137.75549"
"Tunisia","2015","US$","43172981584.1458"
"Tunisia","2016","US$","41800636240.902596"
"Tunisia","2017","US$","39802143071.18427"
"Tunisia","2018","US$","39770979522.95791"
"Tunisia","2019","US$","39195271091.52254"
"Tunisia","2020","US$","39218117653.333694"
"Turkey","2015","US$","864313960372.0488"
"Turkey","2016","US$","869682954268.6521"
"Turkey","2017","US$","858988578600.1104"
"Turkey","2018","US$","778476714170.8059"
"Turkey","2019","US$","761001835673.6152"
"Turkey","2020","US$","720098080536.4093"
"Turkmenistan","2015","US$","36051602134.735886"
"Turkmenistan","2016","US$","36169428571.42857"
"Turkmenistan","2017","US$","38877854701.42857"
"Turkmenistan","2018","US$","38292218368"
"Turkmenistan","2019","US$","43460686357.42857"
"Turkmenistan","2020","US$","42845173922.85714"
"Turks and Caicos Islands","2015","US$","942070000"
"Turks and Caicos Islands","2016","US$","1032452000"
"Turks and Caicos Islands","2017","US$","1022365000"
"Turks and Caicos Islands","2018","US$","1113178000"
"Turks and Caicos Islands","2019","US$","1197415000"
"Turks and Caicos Islands","2020","US$","924583000"
"Tuvalu","2015","US$","35038170.07419211"
"Tuvalu","2016","US$","39545503.5022845"
"Tuvalu","2017","US$","43912496.90073746"
"Tuvalu","2018","US$","46039144.34187625"
"Tuvalu","2019","US$","47003262.00945649"
"Tuvalu","2020","US$","50404105.078930415"
"Uganda","2015","US$","29296831595.11171"
"Uganda","2016","US$","30517256335.340233"
"Uganda","2017","US$","31578959827.12694"
"Uganda","2018","US$","34065704576.42545"
"Uganda","2019","US$","37718356701.935135"
"Uganda","2020","US$","38702219868.55022"
"Ukraine","2015","US$","91030968761.41553"
"Ukraine","2016","US$","93355868977.66194"
"Ukraine","2017","US$","112190328583.38771"
"Ukraine","2018","US$","130901895317.40967"
"Ukraine","2019","US$","153929552493.08322"
"Ukraine","2020","US$","155581867992.04144"
"United Arab Emirates","2015","US$","358134944420.42206"
"United Arab Emirates","2016","US$","357045156018.516"
"United Arab Emirates","2017","US$","385605506855.0034"
"United Arab Emirates","2018","US$","422215043585.02386"
"United Arab Emirates","2019","US$","417215559513.4105"
"United Arab Emirates","2020","US$","358868765174.949"
"United Kingdom of Great Britain and Northern Ireland","2015","US$","2956573778737.7554"
"United Kingdom of Great Britain and Northern Ireland","2016","US$","2722851958486.225"
"United Kingdom of Great Britain and Northern Ireland","2017","US$","2699016715111.3936"
"United Kingdom of Great Britain and Northern Ireland","2018","US$","2900791442554.068"
"United Kingdom of Great Britain and Northern Ireland","2019","US$","2878673912414.439"
"United Kingdom of Great Britain and Northern Ireland","2020","US$","2764197653965.047"
"United Republic of Tanzania: Mainland","2015","US$","47378599806.09879"
"United Republic of Tanzania: Mainland","2016","US$","49774022058.97717"
"United Republic of Tanzania: Mainland","2017","US$","53275945889.301735"
"United Republic of Tanzania: Mainland","2018","US$","57003712892.65512"
"United Republic of Tanzania: Mainland","2019","US$","61026732977.95137"
"United Republic of Tanzania: Mainland","2020","US$","64739603208.40312"
"United Republic of Tanzania: Zanzibar","2015","US$","1183574718.3939152"
"United Republic of Tanzania: Zanzibar","2016","US$","1261851878.2802536"
"United Republic of Tanzania: Zanzibar","2017","US$","1447849318.8716092"
"United Republic of Tanzania: Zanzibar","2018","US$","1620576634.0333261"
"United Republic of Tanzania: Zanzibar","2019","US$","1805773626.4930696"
"United Republic of Tanzania: Zanzibar","2020","US$","1723529601.254681"
"United States","2015","US$","18206023000000"
"United States","2016","US$","18695106000000"
"United States","2017","US$","19479623000000"
"United States","2018","US$","20527159000000"
"United States","2019","US$","21372582000000"
"United States","2020","US$","20893746000000"
"Uruguay","2015","US$","57080759094.68036"
"Uruguay","2016","US$","57236652490.07048"
"Uruguay","2017","US$","64233966862.786125"
"Uruguay","2018","US$","64515125758.8776"
"Uruguay","2019","US$","61231193299.461426"
"Uruguay","2020","US$","53628838077.298904"
"Uzbekistan","2015","US$","81847409754.76292"
"Uzbekistan","2016","US$","81779019112.85542"
"Uzbekistan","2017","US$","59159948699.83648"
"Uzbekistan","2018","US$","50392612846.17451"
"Uzbekistan","2019","US$","57726542784.920425"
"Uzbekistan","2020","US$","57707189749.32714"
"Vanuatu","2015","US$","759689265.7527101"
"Vanuatu","2016","US$","804328186.2180226"
"Vanuatu","2017","US$","880046991.5368887"
"Vanuatu","2018","US$","914701139.1658248"
"Vanuatu","2019","US$","934239701.2486898"
"Vanuatu","2020","US$","854793640.0589358"
"Venezuela (Bolivarian Republic of)","2015","US$","344342559930.0103"
"Venezuela (Bolivarian Republic of)","2016","US$","288528788964.26807"
"Venezuela (Bolivarian Republic of)","2017","US$","247930222859.20593"
"Venezuela (Bolivarian Republic of)","2018","US$","204043723388.68082"
"Venezuela (Bolivarian Republic of)","2019","US$","150131355478.72775"
"Venezuela (Bolivarian Republic of)","2020","US$","106358586984.1459"
"Viet Nam","2015","US$","193241122948.63376"
"Viet Nam","2016","US$","205276171342.8617"
"Viet Nam","2017","US$","223779866148.63327"
"Viet Nam","2018","US$","245213680635.59766"
"Viet Nam","2019","US$","261921229200.53452"
"Viet Nam","2020","US$","271158437577.94012"
"Western Africa","2015","US$","685377679138.0885"
"Western Africa","2016","US$","608900931392.2034"
"Western Africa","2017","US$","596756625676.235"
"Western Africa","2018","US$","668460678950.6434"
"Western Africa","2019","US$","725408433556.6404"
"Western Africa","2020","US$","689302084868.8683"
"Western Asia","2015","US$","2967015859606.022"
"Western Asia","2016","US$","2942653026889.3"
"Western Asia","2017","US$","3103525970179.708"
"Western Asia","2018","US$","3289376655912.5747"
"Western Asia","2019","US$","3303115532153.418"
"Western Asia","2020","US$","2964651046180.185"
"Western Europe","2015","US$","8178400450726.182"
"Western Europe","2016","US$","8364101080093.522"
"Western Europe","2017","US$","8822991996087.37"
"Western Europe","2018","US$","9501589614910.629"
"Western Europe","2019","US$","9323674274819.406"
"Western Europe","2020","US$","9185005864274.152"
"World","2015","US$","75132970705066.06"
"World","2016","US$","76354944311519.75"
"World","2017","US$","81231005348022.61"
"World","2018","US$","86357711464060"
"World","2019","US$","87718284025838.78"
"World","2020","US$","85347016234734"
"Yemen","2015","US$","26660296290.669647"
"Yemen","2016","US$","22037331603.507683"
"Yemen","2017","US$","20739380619.38062"
"Yemen","2018","US$","22902937062.93706"
"Yemen","2019","US$","25246238119.504494"
"Yemen","2020","US$","27958344009.434566"
"Zambia","2015","US$","20858963738.926857"
"Zambia","2016","US$","21452664076.84597"
"Zambia","2017","US$","25868161486.62397"
"Zambia","2018","US$","26311984736.101788"
"Zambia","2019","US$","23309720448.491825"
"Zambia","2020","US$","18110636836.782093"
"Zimbabwe","2015","US$","19963120615"
"Zimbabwe","2016","US$","20548678073"
"Zimbabwe","2017","US$","22040902301"
"Zimbabwe","2018","US$","24311560545"
"Zimbabwe","2019","US$","21935075306"
"Zimbabwe","2020","US$","21786743637"